Country,1960,1961,1962,1963,1964,1965,1966,1967,1968,1969,1970,1971,1972,1973,1974,1975,1976,1977,1978,1979,1980,1981,1982,1983,1984,1985,1986,1987,1988,1989,1990,1991,1992,1993,1994,1995,1996,1997,1998,1999,2000,2001,2002,2003,2004,2005,2006,2007,2008,2009,2010,2011,2012,2013,2014,2015,2016,2017,2018,2019,2020
Afghanistan,0.0,0.04,0.08,0.12,0.16,0.2,0.24,0.28,0.32,0.36,0.4,0.48,0.56,0.64,0.72,0.8,0.94,1.08,1.22,1.36,1.5,1.68,1.86,2.04,2.22,2.4,2.5,2.6,2.7,2.8,2.9,3.06,3.22,3.38,3.54,3.7,4.0,4.3,4.6,4.9,5.2,5.76,6.32,6.88,7.44,8.0,9.06,10.12,11.18,12.24,13.3,14.3,15.3,16.3,17.3,18.3,19.42,20.54,21.66,22.78,23.9
Albania,50.4,53.28,56.16,59.04,61.92,64.8,67.96,71.12,74.28,77.44,80.6,82.66,84.72,86.78,88.84,90.9,91.72,92.54,93.36,94.18,95.0,95.24,95.48,95.72,95.96,96.2,96.2,96.2,96.2,96.2,96.2,96.08,95.96,95.84,95.72,95.6,95.4,95.2,95.0,94.8,94.6,94.48,94.36,94.24,94.12,94.0,93.86,93.72,93.58,93.44,93.3,93.74,94.18,94.62,95.06,95.5,95.88,96.26,96.64,97.02,97.4
Algeria,10.2,11.64,13.08,14.52,15.96,17.4,18.94,20.48,22.02,23.56,25.1,26.4,27.7,29.0,30.3,31.6,33.34,35.08,36.82,38.56,40.3,42.64,44.98,47.32,49.66,52.0,54.48,56.96,59.44,61.92,64.4,66.08,67.76,69.44,71.12,72.8,73.42,74.04,74.66,75.28,75.9,76.8,77.7,78.6,79.5,80.4,81.28,82.16,83.04,83.92,84.8,85.66,86.52,87.38,88.24,89.1,90.0,90.9,91.8,92.7,93.6
Angola,2.1,2.16,2.22,2.28,2.34,2.4,2.64,2.88,3.12,3.36,3.6,3.9,4.2,4.5,4.8,5.1,5.58,6.06,6.54,7.02,7.5,7.96,8.42,8.88,9.34,9.8,10.22,10.64,11.06,11.48,11.9,12.0,12.1,12.2,12.3,12.4,12.44,12.48,12.52,12.56,12.6,12.86,13.12,13.38,13.64,13.9,14.6,15.3,16.0,16.7,17.4,19.76,22.12,24.48,26.84,29.2,29.3,29.4,29.5,29.6,29.7
Antigua and Barbuda,0.0,0.0,0.0,0.0,0.0,0.0,0.0,0.0,0.0,0.0,0.0,0.0,0.0,0.0,0.0,0.0,0.0,0.0,0.0,0.0,0.0,0.0,0.0,0.0,0.0,0.0,0.0,0.0,0.0,0.0,0.0,0.0,0.0,0.0,0.0,0.0,0.0,0.0,0.0,0.0,0.0,0.0,0.0,0.0,0.0,0.0,0.0,0.0,0.0,0.0,0.0,16.52,33.04,49.56,66.08,82.6,83.52,84.44,85.36,86.28,87.2
Argentina,26.5,27.42,28.34,29.26,30.18,31.1,32.12,33.14,34.16,35.18,36.2,37.28,38.36,39.44,40.52,41.6,42.6,43.6,44.6,45.6,46.6,47.4,48.2,49.0,49.8,50.6,51.48,52.36,53.24,54.12,55.0,55.76,56.52,57.28,58.04,58.8,59.38,59.96,60.54,61.12,61.7,62.84,63.98,65.12,66.26,67.4,68.02,68.64,69.26,69.88,70.5,71.44,72.38,73.32,74.26,75.2,76.1,77.0,77.9,78.8,79.7
Armenia,90.1,91.22,92.34,93.46,94.58,95.7,96.2,96.7,97.2,97.7,98.2,98.32,98.44,98.56,98.68,98.8,98.84,98.88,98.92,98.96,99.0,99.02,99.04,99.06,99.08,99.1,99.1,99.1,99.1,99.1,99.1,99.1,99.1,99.1,99.1,99.1,99.08,99.06,99.04,99.02,99.0,99.02,99.04,99.06,99.08,99.1,98.96,98.82,98.68,98.54,98.4,98.52,98.64,98.76,98.88,99.0,98.98,98.96,98.94,98.92,98.9
Aruba,31.6,33.16,34.72,36.28,37.84,39.4,41.12,42.84,44.56,46.28,48.0,49.6,51.2,52.8,54.4,56.0,57.26,58.52,59.78,61.04,62.3,63.36,64.42,65.48,66.54,67.6,68.14,68.68,69.22,69.76,70.3,70.34,70.38,70.42,70.46,70.5,71.1,71.7,72.3,72.9,73.5,73.36,73.22,73.08,72.94,72.8,73.54,74.28,75.02,75.76,76.5,77.58,78.66,79.74,80.82,81.9,82.9,83.9,84.9,85.9,86.9
Australia,79.4,80.62,81.84,83.06,84.28,85.5,86.46,87.42,88.38,89.34,90.3,91.06,91.82,92.58,93.34,94.1,94.48,94.86,95.24,95.62,96.0,96.22,96.44,96.66,96.88,97.1,97.24,97.38,97.52,97.66,97.8,97.9,98.0,98.1,98.2,98.3,98.34,98.38,98.42,98.46,98.5,98.58,98.66,98.74,98.82,98.9,98.78,98.66,98.54,98.42,98.3,98.42,98.54,98.66,98.78,98.9,98.8,98.7,98.6,98.5,98.4
Austria,65.9,67.7,69.5,71.3,73.1,74.9,76.76,78.62,80.48,82.34,84.2,85.24,86.28,87.32,88.36,89.4,90.26,91.12,91.98,92.84,93.7,94.36,95.02,95.68,96.34,97.0,97.28,97.56,97.84,98.12,98.4,98.44,98.48,98.52,98.56,98.6,98.56,98.52,98.48,98.44,98.4,98.32,98.24,98.16,98.08,98.0,97.92,97.84,97.76,97.68,97.6,97.52,97.44,97.36,97.28,97.2,97.24,97.28,97.32,97.36,97.4
Azerbaijan,76.3,78.14,79.98,81.82,83.66,85.5,86.92,88.34,89.76,91.18,92.6,93.36,94.12,94.88,95.64,96.4,96.76,97.12,97.48,97.84,98.2,98.36,98.52,98.68,98.84,99.0,99.04,99.08,99.12,99.16,99.2,99.22,99.24,99.26,99.28,99.3,99.28,99.26,99.24,99.22,99.2,99.24,99.28,99.32,99.36,99.4,99.38,99.36,99.34,99.32,99.3,99.34,99.38,99.42,99.46,99.5,99.52,99.54,99.56,99.58,99.6
Bahamas,53.3,55.26,57.22,59.18,61.14,63.1,65.14,67.18,69.22,71.26,73.3,75.26,77.22,79.18,81.14,83.1,84.54,85.98,87.42,88.86,90.3,91.06,91.82,92.58,93.34,94.1,94.34,94.58,94.82,95.06,95.3,95.44,95.58,95.72,95.86,96.0,96.12,96.24,96.36,96.48,96.6,96.84,97.08,97.32,97.56,97.8,98.02,98.24,98.46,98.68,98.9,99.0,99.1,99.2,99.3,99.4,99.28,99.16,99.04,98.92,98.8
Bahrain,13.8,15.72,17.64,19.56,21.48,23.4,25.38,27.36,29.34,31.32,33.3,34.1,34.9,35.7,36.5,37.3,38.06,38.82,39.58,40.34,41.1,41.82,42.54,43.26,43.98,44.7,45.6,46.5,47.4,48.3,49.2,50.06,50.92,51.78,52.64,53.5,54.38,55.26,56.14,57.02,57.9,58.6,59.3,60.0,60.7,61.4,62.2,63.0,63.8,64.6,65.4,67.78,70.16,72.54,74.92,77.3,78.04,78.78,79.52,80.26,81.0
Bangladesh,11.4,11.74,12.08,12.42,12.76,13.1,13.4,13.7,14.0,14.3,14.6,15.08,15.56,16.04,16.52,17.0,17.48,17.96,18.44,18.92,19.4,19.88,20.36,20.84,21.32,21.8,22.22,22.64,23.06,23.48,23.9,24.74,25.58,26.42,27.26,28.1,29.2,30.3,31.4,32.5,33.6,34.84,36.08,37.32,38.56,39.8,41.2,42.6,44.0,45.4,46.8,48.36,49.92,51.48,53.04,54.6,55.44,56.28,57.12,57.96,58.8
Barbados,0.0,0.0,0.0,0.0,0.0,0.0,0.0,0.0,0.0,0.0,0.0,0.0,0.0,0.0,0.0,0.0,0.0,0.0,0.0,0.0,0.0,0.0,0.0,0.0,0.0,0.0,0.0,0.0,0.0,0.0,0.0,0.0,0.0,0.0,0.0,0.0,0.0,0.0,0.0,0.0,0.0,0.0,0.0,0.0,0.0,0.0,0.0,0.0,0.0,0.0,0.0,16.5,33.0,49.5,66.0,82.5,83.44,84.38,85.32,86.26,87.2
Belarus,65.7,69.04,72.38,75.72,79.06,82.4,84.64,86.88,89.12,91.36,93.6,94.54,95.48,96.42,97.36,98.3,98.48,98.66,98.84,99.02,99.2,99.26,99.32,99.38,99.44,99.5,99.5,99.5,99.5,99.5,99.5,99.48,99.46,99.44,99.42,99.4,99.38,99.36,99.34,99.32,99.3,99.32,99.34,99.36,99.38,99.4,99.36,99.32,99.28,99.24,99.2,99.26,99.32,99.38,99.44,99.5,99.44,99.38,99.32,99.26,99.2
Belgium,62.0,63.86,65.72,67.58,69.44,71.3,72.8,74.3,75.8,77.3,78.8,79.8,80.8,81.8,82.8,83.8,84.44,85.08,85.72,86.36,87.0,87.66,88.32,88.98,89.64,90.3,90.76,91.22,91.68,92.14,92.6,92.82,93.04,93.26,93.48,93.7,93.88,94.06,94.24,94.42,94.6,94.68,94.76,94.84,94.92,95.0,95.0,95.0,95.0,95.0,95.0,95.38,95.76,96.14,96.52,96.9,96.94,96.98,97.02,97.06,97.1
Belize,17.2,18.08,18.96,19.84,20.72,21.6,22.66,23.72,24.78,25.84,26.9,26.96,27.02,27.08,27.14,27.2,27.8,28.4,29.0,29.6,30.2,30.9,31.6,32.3,33.0,33.7,34.74,35.78,36.82,37.86,38.9,39.92,40.94,41.96,42.98,44.0,44.72,45.44,46.16,46.88,47.6,48.6,49.6,50.6,51.6,52.6,53.84,55.08,56.32,57.56,58.8,59.66,60.52,61.38,62.24,63.1,64.04,64.98,65.92,66.86,67.8
Benin,3.4,3.7,4.0,4.3,4.6,4.9,5.22,5.54,5.86,6.18,6.5,6.98,7.46,7.94,8.42,8.9,9.38,9.86,10.34,10.82,11.3,11.72,12.14,12.56,12.98,13.4,12.92,12.44,11.96,11.48,11.0,10.86,10.72,10.58,10.44,10.3,11.18,12.06,12.94,13.82,14.7,16.28,17.86,19.44,21.02,22.6,23.52,24.44,25.36,26.28,27.2,27.4,27.6,27.8,28.0,28.2,28.44,28.68,28.92,29.16,29.4
Bhutan,1.8,1.9,2.0,2.1,2.2,2.3,2.76,3.22,3.68,4.14,4.6,5.28,5.96,6.64,7.32,8.0,8.44,8.88,9.32,9.76,10.2,10.88,11.56,12.24,12.92,13.6,14.54,15.48,16.42,17.36,18.3,18.78,19.26,19.74,20.22,20.7,22.22,23.74,25.26,26.78,28.3,30.48,32.66,34.84,37.02,39.2,40.06,40.92,41.78,42.64,43.5,44.46,45.42,46.38,47.34,48.3,49.24,50.18,51.12,52.06,53.0
Bolivia,25.1,25.84,26.58,27.32,28.06,28.8,29.88,30.96,32.04,33.12,34.2,35.42,36.64,37.86,39.08,40.3,41.34,42.38,43.42,44.46,45.5,46.26,47.02,47.78,48.54,49.3,50.26,51.22,52.18,53.14,54.1,55.56,57.02,58.48,59.94,61.4,63.18,64.96,66.74,68.52,70.3,71.76,73.22,74.68,76.14,77.6,78.44,79.28,80.12,80.96,81.8,82.48,83.16,83.84,84.52,85.2,85.64,86.08,86.52,86.96,87.4
Bosnia and Herzegovina,39.6,41.22,42.84,44.46,46.08,47.7,49.98,52.26,54.54,56.82,59.1,61.56,64.02,66.48,68.94,71.4,73.28,75.16,77.04,78.92,80.8,82.24,83.68,85.12,86.56,88.0,89.18,90.36,91.54,92.72,93.9,94.48,95.06,95.64,96.22,96.8,96.92,97.04,97.16,97.28,97.4,97.42,97.44,97.46,97.48,97.5,97.62,97.74,97.86,97.98,98.1,98.18,98.26,98.34,98.42,98.5,98.64,98.78,98.92,99.06,99.2
Botswana,6.4,7.14,7.88,8.62,9.36,10.1,10.94,11.78,12.62,13.46,14.3,15.48,16.66,17.84,19.02,20.2,21.6,23.0,24.4,25.8,27.2,28.84,30.48,32.12,33.76,35.4,37.04,38.68,40.32,41.96,43.6,44.98,46.36,47.74,49.12,50.5,53.4,56.3,59.2,62.1,65.0,68.14,71.28,74.42,77.56,80.7,80.32,79.94,79.56,79.18,78.8,79.68,80.56,81.44,82.32,83.2,84.04,84.88,85.72,86.56,87.4
Brazil,20.7,21.56,22.42,23.28,24.14,25.0,26.3,27.6,28.9,30.2,31.5,32.94,34.38,35.82,37.26,38.7,39.94,41.18,42.42,43.66,44.9,45.78,46.66,47.54,48.42,49.3,49.92,50.54,51.16,51.78,52.4,53.28,54.16,55.04,55.92,56.8,58.2,59.6,61.0,62.4,63.8,65.4,67.0,68.6,70.2,71.8,72.22,72.64,73.06,73.48,73.9,74.7,75.5,76.3,77.1,77.9,78.68,79.46,80.24,81.02,81.8
Brunei,0.0,0.0,0.0,0.0,0.0,0.0,0.0,0.0,0.0,0.0,0.0,0.0,0.0,0.0,0.0,0.0,0.0,0.0,0.0,0.0,0.0,0.0,0.0,0.0,0.0,0.0,0.0,0.0,0.0,0.0,0.0,0.0,0.0,0.0,0.0,0.0,0.0,0.0,0.0,0.0,0.0,0.0,0.0,0.0,0.0,0.0,0.0,0.0,0.0,0.0,0.0,15.7,31.4,47.1,62.8,78.5,79.56,80.62,81.68,82.74,83.8
Bulgaria,87.5,88.42,89.34,90.26,91.18,92.1,92.64,93.18,93.72,94.26,94.8,94.98,95.16,95.34,95.52,95.7,95.74,95.78,95.82,95.86,95.9,95.96,96.02,96.08,96.14,96.2,96.16,96.12,96.08,96.04,96.0,95.84,95.68,95.52,95.36,95.2,94.86,94.52,94.18,93.84,93.5,93.32,93.14,92.96,92.78,92.6,92.5,92.4,92.3,92.2,92.1,92.48,92.86,93.24,93.62,94.0,94.4,94.8,95.2,95.6,96.0
Burkina Faso,1.3,1.46,1.62,1.78,1.94,2.1,2.32,2.54,2.76,2.98,3.2,3.44,3.68,3.92,4.16,4.4,4.62,4.84,5.06,5.28,5.5,5.8,6.1,6.4,6.7,7.0,7.4,7.8,8.2,8.6,9.0,9.4,9.8,10.2,10.6,11.0,10.88,10.76,10.64,10.52,10.4,9.8,9.2,8.6,8.0,7.4,8.72,10.04,11.36,12.68,14.0,15.3,16.6,17.9,19.2,20.5,21.84,23.18,24.52,25.86,27.2
Burundi,1.8,1.82,1.84,1.86,1.88,1.9,1.9,1.9,1.9,1.9,1.9,1.98,2.06,2.14,2.22,2.3,2.4,2.5,2.6,2.7,2.8,2.94,3.08,3.22,3.36,3.5,3.8,4.1,4.4,4.7,5.0,5.26,5.52,5.78,6.04,6.3,6.82,7.34,7.86,8.38,8.9,9.38,9.86,10.34,10.82,11.3,11.5,11.7,11.9,12.1,12.3,13.04,13.78,14.52,15.26,16.0,16.76,17.52,18.28,19.04,19.8
Cambodia,4.4,4.74,5.08,5.42,5.76,6.1,6.46,6.82,7.18,7.54,7.9,8.24,8.58,8.92,9.26,9.6,9.76,9.92,10.08,10.24,10.4,10.12,9.84,9.56,9.28,9.0,9.62,10.24,10.86,11.48,12.1,15.3,18.5,21.7,24.9,28.1,28.98,29.86,30.74,31.62,32.5,31.94,31.38,30.82,30.26,29.7,29.86,30.02,30.18,30.34,30.5,33.06,35.62,38.18,40.74,43.3,45.82,48.34,50.86,53.38,55.9
Cameroon,5.8,6.32,6.84,7.36,7.88,8.4,9.1,9.8,10.5,11.2,11.9,12.66,13.42,14.18,14.94,15.7,16.64,17.58,18.52,19.46,20.4,20.98,21.56,22.14,22.72,23.3,24.24,25.18,26.12,27.06,28.0,28.54,29.08,29.62,30.16,30.7,31.24,31.78,32.32,32.86,33.4,34.12,34.84,35.56,36.28,37.0,38.48,39.96,41.44,42.92,44.4,45.92,47.44,48.96,50.48,52.0,53.52,55.04,56.56,58.08,59.6
Canada,82.0,83.12,84.24,85.36,86.48,87.6,88.4,89.2,90.0,90.8,91.6,92.02,92.44,92.86,93.28,93.7,93.92,94.14,94.36,94.58,94.8,94.96,95.12,95.28,95.44,95.6,95.76,95.92,96.08,96.24,96.4,96.5,96.6,96.7,96.8,96.9,97.1,97.3,97.5,97.7,97.9,98.12,98.34,98.56,98.78,99.0,98.76,98.52,98.28,98.04,97.8,97.94,98.08,98.22,98.36,98.5,98.42,98.34,98.26,98.18,98.1
Cape Verde,5.9,6.24,6.58,6.92,7.26,7.6,8.4,9.2,10.0,10.8,11.6,11.82,12.04,12.26,12.48,12.7,12.8,12.9,13.0,13.1,13.2,13.5,13.8,14.1,14.4,14.7,14.96,15.22,15.48,15.74,16.0,16.94,17.88,18.82,19.76,20.7,22.7,24.7,26.7,28.7,30.7,34.88,39.06,43.24,47.42,51.6,51.68,51.76,51.84,51.92,52.0,52.14,52.28,52.42,52.56,52.7,52.84,52.98,53.12,53.26,53.4
Central African Republic,1.0,1.1,1.2,1.3,1.4,1.5,2.06,2.62,3.18,3.74,4.3,4.48,4.66,4.84,5.02,5.2,6.16,7.12,8.08,9.04,10.0,10.38,10.76,11.14,11.52,11.9,11.66,11.42,11.18,10.94,10.7,10.24,9.78,9.32,8.86,8.4,10.0,11.6,13.2,14.8,16.4,18.0,19.6,21.2,22.8,24.4,25.98,27.56,29.14,30.72,32.3,33.9,35.5,37.1,38.7,40.3,41.9,43.5,45.1,46.7,48.3
Chad,0.6,0.86,1.12,1.38,1.64,1.9,2.18,2.46,2.74,3.02,3.3,3.38,3.46,3.54,3.62,3.7,3.88,4.06,4.24,4.42,4.6,4.86,5.12,5.38,5.64,5.9,6.04,6.18,6.32,6.46,6.6,6.94,7.28,7.62,7.96,8.3,8.74,9.18,9.62,10.06,10.5,10.82,11.14,11.46,11.78,12.1,12.9,13.7,14.5,15.3,16.1,16.78,17.46,18.14,18.82,19.5,20.34,21.18,22.02,22.86,23.7
Channel Islands,0.0,0.0,0.0,0.0,0.0,0.0,0.0,0.0,0.0,0.0,0.0,0.0,0.0,0.0,0.0,0.0,0.0,0.0,0.0,0.0,0.0,0.0,0.0,0.0,0.0,0.0,0.0,0.0,0.0,0.0,0.0,0.0,0.0,0.0,0.0,0.0,0.0,0.0,0.0,0.0,0.0,0.0,0.0,0.0,0.0,0.0,0.0,0.0,0.0,0.0,0.0,19.98,39.96,59.94,79.92,99.9,99.66,99.42,99.18,98.94,98.7
Chile,47.8,49.38,50.96,52.54,54.12,55.7,57.64,59.58,61.52,63.46,65.4,67.1,68.8,70.5,72.2,73.9,74.72,75.54,76.36,77.18,78.0,78.66,79.32,79.98,80.64,81.3,82.12,82.94,83.76,84.58,85.4,86.08,86.76,87.44,88.12,88.8,89.14,89.48,89.82,90.16,90.5,90.8,91.1,91.4,91.7,92.0,92.34,92.68,93.02,93.36,93.7,94.02,94.34,94.66,94.98,95.3,95.58,95.86,96.14,96.42,96.7
China,23.2,24.74,26.28,27.82,29.36,30.9,31.92,32.94,33.96,34.98,36.0,38.2,40.4,42.6,44.8,47.0,50.02,53.04,56.06,59.08,62.1,64.24,66.38,68.52,70.66,72.8,73.24,73.68,74.12,74.56,75.0,76.04,77.08,78.12,79.16,80.2,81.38,82.56,83.74,84.92,86.1,87.0,87.9,88.8,89.7,90.6,91.02,91.44,91.86,92.28,92.7,93.14,93.58,94.02,94.46,94.9,95.3,95.7,96.1,96.5,96.9
Colombia,14.2,15.22,16.24,17.26,18.28,19.3,20.44,21.58,22.72,23.86,25.0,26.32,27.64,28.96,30.28,31.6,32.9,34.2,35.5,36.8,38.1,38.94,39.78,40.62,41.46,42.3,42.98,43.66,44.34,45.02,45.7,46.78,47.86,48.94,50.02,51.1,52.9,54.7,56.5,58.3,60.1,61.12,62.14,63.16,64.18,65.2,66.08,66.96,67.84,68.72,69.6,70.5,71.4,72.3,73.2,74.1,75.0,75.9,76.8,77.7,78.6
Comoros,3.4,3.74,4.08,4.42,4.76,5.1,5.96,6.82,7.68,8.54,9.4,10.62,11.84,13.06,14.28,15.5,16.64,17.78,18.92,20.06,21.2,22.0,22.8,23.6,24.4,25.2,25.5,25.8,26.1,26.4,26.7,27.24,27.78,28.32,28.86,29.4,30.9,32.4,33.9,35.4,36.9,38.16,39.42,40.68,41.94,43.2,42.36,41.52,40.68,39.84,39.0,40.88,42.76,44.64,46.52,48.4,50.36,52.32,54.28,56.24,58.2
"Congo, Rep.",7.1,8.24,9.38,10.52,11.66,12.8,14.66,16.52,18.38,20.24,22.1,24.16,26.22,28.28,30.34,32.4,33.74,35.08,36.42,37.76,39.1,39.12,39.14,39.16,39.18,39.2,39.08,38.96,38.84,38.72,38.6,38.76,38.92,39.08,39.24,39.4,39.28,39.16,39.04,38.92,38.8,38.86,38.92,38.98,39.04,39.1,38.4,37.7,37.0,36.3,35.6,37.88,40.16,42.44,44.72,47.0,49.3,51.6,53.9,56.2,58.5
Costa Rica,22.9,23.98,25.06,26.14,27.22,28.3,29.46,30.62,31.78,32.94,34.1,35.28,36.46,37.64,38.82,40.0,40.86,41.72,42.58,43.44,44.3,44.44,44.58,44.72,44.86,45.0,44.78,44.56,44.34,44.12,43.9,44.48,45.06,45.64,46.22,46.8,47.92,49.04,50.16,51.28,52.4,53.56,54.72,55.88,57.04,58.2,58.7,59.2,59.7,60.2,60.7,61.7,62.7,63.7,64.7,65.7,66.66,67.62,68.58,69.54,70.5
Cote d'Ivoire,3.6,3.98,4.36,4.74,5.12,5.5,6.02,6.54,7.06,7.58,8.1,8.62,9.14,9.66,10.18,10.7,11.28,11.86,12.44,13.02,13.6,13.86,14.12,14.38,14.64,14.9,15.16,15.42,15.68,15.94,16.2,16.44,16.68,16.92,17.16,17.4,17.68,17.96,18.24,18.52,18.8,19.66,20.52,21.38,22.24,23.1,23.4,23.7,24.0,24.3,24.6,25.68,26.76,27.84,28.92,30.0,31.18,32.36,33.54,34.72,35.9
Croatia,70.0,72.58,75.16,77.74,80.32,82.9,84.48,86.06,87.64,89.22,90.8,91.42,92.04,92.66,93.28,93.9,94.38,94.86,95.34,95.82,96.3,96.7,97.1,97.5,97.9,98.3,98.42,98.54,98.66,98.78,98.9,98.9,98.9,98.9,98.9,98.9,98.9,98.9,98.9,98.9,98.9,98.92,98.94,98.96,98.98,99.0,98.94,98.88,98.82,98.76,98.7,98.78,98.86,98.94,99.02,99.1,99.06,99.02,98.98,98.94,98.9
Cuba,49.8,52.28,54.76,57.24,59.72,62.2,63.92,65.64,67.36,69.08,70.8,72.12,73.44,74.76,76.08,77.4,78.62,79.84,81.06,82.28,83.5,84.24,84.98,85.72,86.46,87.2,87.3,87.4,87.5,87.6,87.7,87.68,87.66,87.64,87.62,87.6,87.56,87.52,87.48,87.44,87.4,87.88,88.36,88.84,89.32,89.8,90.28,90.76,91.24,91.72,92.2,92.68,93.16,93.64,94.12,94.6,95.06,95.52,95.98,96.44,96.9
Cura√ßao,59.8,61.8,63.8,65.8,67.8,69.8,71.0,72.2,73.4,74.6,75.8,77.02,78.24,79.46,80.68,81.9,82.34,82.78,83.22,83.66,84.1,84.46,84.82,85.18,85.54,85.9,86.26,86.62,86.98,87.34,87.7,87.92,88.14,88.36,88.58,88.8,89.06,89.32,89.58,89.84,90.1,90.36,90.62,90.88,91.14,91.4,89.28,87.16,85.04,82.92,80.8,81.96,83.12,84.28,85.44,86.6,87.58,88.56,89.54,90.52,91.5
Cyprus,41.6,43.94,46.28,48.62,50.96,53.3,55.24,57.18,59.12,61.06,63.0,65.08,67.16,69.24,71.32,73.4,75.38,77.36,79.34,81.32,83.3,84.62,85.94,87.26,88.58,89.9,90.44,90.98,91.52,92.06,92.6,92.84,93.08,93.32,93.56,93.8,94.0,94.2,94.4,94.6,94.8,94.98,95.16,95.34,95.52,95.7,95.92,96.14,96.36,96.58,96.8,97.0,97.2,97.4,97.6,97.8,97.82,97.84,97.86,97.88,97.9
Czech Republic,99.0,99.04,99.08,99.12,99.16,99.2,99.2,99.2,99.2,99.2,99.2,99.18,99.16,99.14,99.12,99.1,99.12,99.14,99.16,99.18,99.2,99.2,99.2,99.2,99.2,99.2,99.24,99.28,99.32,99.36,99.4,99.38,99.36,99.34,99.32,99.3,99.3,99.3,99.3,99.3,99.3,99.3,99.3,99.3,99.3,99.3,99.28,99.26,99.24,99.22,99.2,99.24,99.28,99.32,99.36,99.4,99.36,99.32,99.28,99.24,99.2
North Korea,70.5,72.74,74.98,77.22,79.46,81.7,83.96,86.22,88.48,90.74,93.0,94.18,95.36,96.54,97.72,98.9,99.1,99.3,99.5,99.7,99.9,99.9,99.9,99.9,99.9,99.9,99.9,99.9,99.9,99.9,99.9,99.9,99.9,99.9,99.9,99.9,99.9,99.9,99.9,99.9,99.9,99.9,99.9,99.9,99.9,99.9,99.92,99.94,99.96,99.98,100.0,100.0,100.0,100.0,100.0,100.0,100.0,100.0,100.0,100.0,100.0
"Congo, Dem. Rep.",12.1,12.54,12.98,13.42,13.86,14.3,15.16,16.02,16.88,17.74,18.6,19.82,21.04,22.26,23.48,24.7,26.04,27.38,28.72,30.06,31.4,32.72,34.04,35.36,36.68,38.0,39.06,40.12,41.18,42.24,43.3,44.0,44.7,45.4,46.1,46.8,46.94,47.08,47.22,47.36,47.5,47.42,47.34,47.26,47.18,47.1,47.62,48.14,48.66,49.18,49.7,50.66,51.62,52.58,53.54,54.5,56.22,57.94,59.66,61.38,63.1
Denmark,99.8,99.78,99.76,99.74,99.72,99.7,99.66,99.62,99.58,99.54,99.5,99.48,99.46,99.44,99.42,99.4,99.34,99.28,99.22,99.16,99.1,99.1,99.1,99.1,99.1,99.1,99.12,99.14,99.16,99.18,99.2,99.22,99.24,99.26,99.28,99.3,99.34,99.38,99.42,99.46,99.5,99.56,99.62,99.68,99.74,99.8,99.84,99.88,99.92,99.96,100.0,99.98,99.96,99.94,99.92,99.9,99.82,99.74,99.66,99.58,99.5
Djibouti,0.0,0.0,0.0,0.0,0.0,0.0,0.0,0.0,0.0,0.0,0.0,0.0,0.0,0.0,0.0,0.0,0.0,0.0,0.0,0.0,0.0,0.0,0.0,0.0,0.0,0.0,0.0,0.0,0.0,0.0,0.0,0.0,0.0,0.0,0.0,0.0,0.0,0.0,0.0,0.0,0.0,0.0,0.0,0.0,0.0,0.0,0.0,0.0,0.0,0.0,0.0,6.34,12.68,19.02,25.36,31.7,33.4,35.1,36.8,38.5,40.2
Dominican Republic,17.6,18.44,19.28,20.12,20.96,21.8,23.0,24.2,25.4,26.6,27.8,29.5,31.2,32.9,34.6,36.3,37.98,39.66,41.34,43.02,44.7,46.26,47.82,49.38,50.94,52.5,53.22,53.94,54.66,55.38,56.1,56.54,56.98,57.42,57.86,58.3,59.42,60.54,61.66,62.78,63.9,65.32,66.74,68.16,69.58,71.0,71.86,72.72,73.58,74.44,75.3,76.22,77.14,78.06,78.98,79.9,80.82,81.74,82.66,83.58,84.5
Ecuador,16.1,16.96,17.82,18.68,19.54,20.4,21.7,23.0,24.3,25.6,26.9,28.38,29.86,31.34,32.82,34.3,35.82,37.34,38.86,40.38,41.9,43.24,44.58,45.92,47.26,48.6,49.36,50.12,50.88,51.64,52.4,52.8,53.2,53.6,54.0,54.4,54.86,55.32,55.78,56.24,56.7,57.58,58.46,59.34,60.22,61.1,62.3,63.5,64.7,65.9,67.1,68.06,69.02,69.98,70.94,71.9,72.86,73.82,74.78,75.74,76.7
Egypt,13.0,13.94,14.88,15.82,16.76,17.7,18.78,19.86,20.94,22.02,23.1,24.54,25.98,27.42,28.86,30.3,31.56,32.82,34.08,35.34,36.6,38.0,39.4,40.8,42.2,43.6,45.16,46.72,48.28,49.84,51.4,52.94,54.48,56.02,57.56,59.1,60.62,62.14,63.66,65.18,66.7,68.06,69.42,70.78,72.14,73.5,74.56,75.62,76.68,77.74,78.8,79.84,80.88,81.92,82.96,84.0,85.06,86.12,87.18,88.24,89.3
El Salvador,13.6,14.36,15.12,15.88,16.64,17.4,18.42,19.44,20.46,21.48,22.5,23.76,25.02,26.28,27.54,28.8,30.04,31.28,32.52,33.76,35.0,36.08,37.16,38.24,39.32,40.4,41.28,42.16,43.04,43.92,44.8,45.68,46.56,47.44,48.32,49.2,50.14,51.08,52.02,52.96,53.9,53.82,53.74,53.66,53.58,53.5,54.82,56.14,57.46,58.78,60.1,61.44,62.78,64.12,65.46,66.8,68.14,69.48,70.82,72.16,73.5
Equatorial Guinea,5.8,6.88,7.96,9.04,10.12,11.2,12.6,14.0,15.4,16.8,18.2,18.76,19.32,19.88,20.44,21.0,21.7,22.4,23.1,23.8,24.5,24.82,25.14,25.46,25.78,26.1,26.4,26.7,27.0,27.3,27.6,28.08,28.56,29.04,29.52,30.0,29.2,28.4,27.6,26.8,26.0,27.88,29.76,31.64,33.52,35.4,37.14,38.88,40.62,42.36,44.1,45.84,47.58,49.32,51.06,52.8,54.32,55.84,57.36,58.88,60.4
Eritrea,0.0,0.0,0.0,0.0,0.0,0.0,0.0,0.0,0.0,0.0,0.0,0.0,0.0,0.0,0.0,0.0,0.0,0.0,0.0,0.0,0.0,0.0,0.0,0.0,0.0,0.0,0.0,0.0,0.0,0.0,0.0,0.0,0.0,0.0,0.0,0.0,0.0,0.0,0.0,0.0,0.0,0.0,0.0,0.0,0.0,0.0,0.0,0.0,0.0,0.0,0.0,6.34,12.68,19.02,25.36,31.7,33.22,34.74,36.26,37.78,39.3
Estonia,94.0,94.6,95.2,95.8,96.4,97.0,97.28,97.56,97.84,98.12,98.4,98.52,98.64,98.76,98.88,99.0,99.06,99.12,99.18,99.24,99.3,99.3,99.3,99.3,99.3,99.3,99.24,99.18,99.12,99.06,99.0,98.86,98.72,98.58,98.44,98.3,98.2,98.1,98.0,97.9,97.8,97.7,97.6,97.5,97.4,97.3,95.56,93.82,92.08,90.34,88.6,89.3,90.0,90.7,91.4,92.1,92.66,93.22,93.78,94.34,94.9
Ethiopia,1.1,1.18,1.26,1.34,1.42,1.5,1.68,1.86,2.04,2.22,2.4,2.64,2.88,3.12,3.36,3.6,3.8,4.0,4.2,4.4,4.6,4.84,5.08,5.32,5.56,5.8,6.08,6.36,6.64,6.92,7.2,7.46,7.72,7.98,8.24,8.5,8.84,9.18,9.52,9.86,10.2,9.88,9.56,9.24,8.92,8.6,9.7,10.8,11.9,13.0,14.1,15.18,16.26,17.34,18.42,19.5,20.64,21.78,22.92,24.06,25.2
Fiji,22.0,23.1,24.2,25.3,26.4,27.5,29.5,31.5,33.5,35.5,37.5,40.22,42.94,45.66,48.38,51.1,53.48,55.86,58.24,60.62,63.0,64.16,65.32,66.48,67.64,68.8,69.58,70.36,71.14,71.92,72.7,73.74,74.78,75.82,76.86,77.9,78.92,79.94,80.96,81.98,83.0,83.1,83.2,83.3,83.4,83.5,84.22,84.94,85.66,86.38,87.1,87.82,88.54,89.26,89.98,90.7,91.42,92.14,92.86,93.58,94.3
Finland,58.6,60.52,62.44,64.36,66.28,68.2,70.18,72.16,74.14,76.12,78.1,80.48,82.86,85.24,87.62,90.0,91.6,93.2,94.8,96.4,98.0,98.34,98.68,99.02,99.36,99.7,99.72,99.74,99.76,99.78,99.8,99.78,99.76,99.74,99.72,99.7,99.76,99.82,99.88,99.94,100.0,99.94,99.88,99.82,99.76,99.7,98.02,96.34,94.66,92.98,91.3,91.9,92.5,93.1,93.7,94.3,94.82,95.34,95.86,96.38,96.9
France,52.7,54.64,56.58,58.52,60.46,62.4,63.9,65.4,66.9,68.4,69.9,71.06,72.22,73.38,74.54,75.7,76.94,78.18,79.42,80.66,81.9,82.84,83.78,84.72,85.66,86.6,87.18,87.76,88.34,88.92,89.5,89.92,90.34,90.76,91.18,91.6,91.92,92.24,92.56,92.88,93.2,93.36,93.52,93.68,93.84,94.0,93.86,93.72,93.58,93.44,93.3,93.66,94.02,94.38,94.74,95.1,95.34,95.58,95.82,96.06,96.3
French Guiana,35.0,36.3,37.6,38.9,40.2,41.5,42.36,43.22,44.08,44.94,45.8,46.66,47.52,48.38,49.24,50.1,50.96,51.82,52.68,53.54,54.4,54.94,55.48,56.02,56.56,57.1,57.54,57.98,58.42,58.86,59.3,59.32,59.34,59.36,59.38,59.4,59.16,58.92,58.68,58.44,58.2,58.04,57.88,57.72,57.56,57.4,57.6,57.8,58.0,58.2,58.4,59.8,61.2,62.6,64.0,65.4,66.82,68.24,69.66,71.08,72.5
French Polynesia,37.6,39.92,42.24,44.56,46.88,49.2,51.0,52.8,54.6,56.4,58.2,59.28,60.36,61.44,62.52,63.6,64.7,65.8,66.9,68.0,69.1,70.36,71.62,72.88,74.14,75.4,76.68,77.96,79.24,80.52,81.8,82.8,83.8,84.8,85.8,86.8,87.72,88.64,89.56,90.48,91.4,91.98,92.56,93.14,93.72,94.3,94.74,95.18,95.62,96.06,96.5,96.64,96.78,96.92,97.06,97.2,97.3,97.4,97.5,97.6,97.7
Gabon,7.0,8.34,9.68,11.02,12.36,13.7,15.54,17.38,19.22,21.06,22.9,24.7,26.5,28.3,30.1,31.9,32.8,33.7,34.6,35.5,36.4,36.58,36.76,36.94,37.12,37.3,37.74,38.18,38.62,39.06,39.5,40.14,40.78,41.42,42.06,42.7,43.34,43.98,44.62,45.26,45.9,46.0,46.1,46.2,46.3,46.4,44.02,41.64,39.26,36.88,34.5,37.38,40.26,43.14,46.02,48.9,51.82,54.74,57.66,60.58,63.5
Gambia,3.2,3.36,3.52,3.68,3.84,4.0,4.4,4.8,5.2,5.6,6.0,6.4,6.8,7.2,7.6,8.0,8.54,9.08,9.62,10.16,10.7,11.32,11.94,12.56,13.18,13.8,14.48,15.16,15.84,16.52,17.2,18.0,18.8,19.6,20.4,21.2,22.02,22.84,23.66,24.48,25.3,26.48,27.66,28.84,30.02,31.2,32.94,34.68,36.42,38.16,39.9,41.28,42.66,44.04,45.42,46.8,47.32,47.84,48.36,48.88,49.4
Georgia,86.9,88.06,89.22,90.38,91.54,92.7,93.4,94.1,94.8,95.5,96.2,96.5,96.8,97.1,97.4,97.7,97.84,97.98,98.12,98.26,98.4,98.44,98.48,98.52,98.56,98.6,98.62,98.64,98.66,98.68,98.7,98.72,98.74,98.76,98.78,98.8,98.78,98.76,98.74,98.72,98.7,98.62,98.54,98.46,98.38,98.3,98.32,98.34,98.36,98.38,98.4,98.36,98.32,98.28,98.24,98.2,98.3,98.4,98.5,98.6,98.7
Germany,96.4,96.5,96.6,96.7,96.8,96.9,96.88,96.86,96.84,96.82,96.8,96.8,96.8,96.8,96.8,96.8,96.82,96.84,96.86,96.88,96.9,96.88,96.86,96.84,96.82,96.8,96.8,96.8,96.8,96.8,96.8,96.7,96.6,96.5,96.4,96.3,96.32,96.34,96.36,96.38,96.4,96.5,96.6,96.7,96.8,96.9,97.14,97.38,97.62,97.86,98.1,97.56,97.02,96.48,95.94,95.4,95.6,95.8,96.0,96.2,96.4
Ghana,24.1,25.58,27.06,28.54,30.02,31.5,32.88,34.26,35.64,37.02,38.4,40.36,42.32,44.28,46.24,48.2,48.28,48.36,48.44,48.52,48.6,48.6,48.6,48.6,48.6,48.6,48.6,48.6,48.6,48.6,48.6,48.98,49.36,49.74,50.12,50.5,51.4,52.3,53.2,54.1,55.0,56.08,57.16,58.24,59.32,60.4,60.34,60.28,60.22,60.16,60.1,61.32,62.54,63.76,64.98,66.2,67.42,68.64,69.86,71.08,72.3
Greece,31.5,33.24,34.98,36.72,38.46,40.2,42.32,44.44,46.56,48.68,50.8,53.16,55.52,57.88,60.24,62.6,64.4,66.2,68.0,69.8,71.6,73.32,75.04,76.76,78.48,80.2,81.34,82.48,83.62,84.76,85.9,86.42,86.94,87.46,87.98,88.5,88.7,88.9,89.1,89.3,89.5,89.82,90.14,90.46,90.78,91.1,90.94,90.78,90.62,90.46,90.3,90.88,91.46,92.04,92.62,93.2,93.7,94.2,94.7,95.2,95.7
Grenada,0.0,0.0,0.0,0.0,0.0,0.0,0.0,0.0,0.0,0.0,0.0,0.0,0.0,0.0,0.0,0.0,0.0,0.0,0.0,0.0,0.0,0.0,0.0,0.0,0.0,0.0,0.0,0.0,0.0,0.0,0.0,0.0,0.0,0.0,0.0,0.0,0.0,0.0,0.0,0.0,0.0,0.0,0.0,0.0,0.0,0.0,0.0,0.0,0.0,0.0,0.0,16.48,32.96,49.44,65.92,82.4,83.4,84.4,85.4,86.4,87.4
Guadeloupe,25.0,26.66,28.32,29.98,31.64,33.3,35.0,36.7,38.4,40.1,41.8,43.62,45.44,47.26,49.08,50.9,52.52,54.14,55.76,57.38,59.0,60.5,62.0,63.5,65.0,66.5,67.9,69.3,70.7,72.1,73.5,74.28,75.06,75.84,76.62,77.4,78.02,78.64,79.26,79.88,80.5,81.16,81.82,82.48,83.14,83.8,84.14,84.48,84.82,85.16,85.5,86.24,86.98,87.72,88.46,89.2,89.86,90.52,91.18,91.84,92.5
Guam,0.0,0.0,0.0,0.0,0.0,0.0,0.0,0.0,0.0,0.0,0.0,0.0,0.0,0.0,0.0,0.0,0.0,0.0,0.0,0.0,0.0,0.0,0.0,0.0,0.0,0.0,0.0,0.0,0.0,0.0,0.0,0.0,0.0,0.0,0.0,0.0,0.0,0.0,0.0,0.0,0.0,0.0,0.0,0.0,0.0,0.0,0.0,0.0,0.0,0.0,0.0,18.14,36.28,54.42,72.56,90.7,91.18,91.66,92.14,92.62,93.1
Guatemala,10.1,10.56,11.02,11.48,11.94,12.4,12.88,13.36,13.84,14.32,14.8,15.32,15.84,16.36,16.88,17.4,17.88,18.36,18.84,19.32,19.8,20.26,20.72,21.18,21.64,22.1,22.64,23.18,23.72,24.26,24.8,25.32,25.84,26.36,26.88,27.4,27.18,26.96,26.74,26.52,26.3,27.54,28.78,30.02,31.26,32.5,33.76,35.02,36.28,37.54,38.8,40.06,41.32,42.58,43.84,45.1,46.34,47.58,48.82,50.06,51.3
Guinea,3.3,3.92,4.54,5.16,5.78,6.4,7.2,8.0,8.8,9.6,10.4,10.8,11.2,11.6,12.0,12.4,12.22,12.04,11.86,11.68,11.5,11.3,11.1,10.9,10.7,10.5,10.72,10.94,11.16,11.38,11.6,12.26,12.92,13.58,14.24,14.9,16.26,17.62,18.98,20.34,21.7,23.62,25.54,27.46,29.38,31.3,30.96,30.62,30.28,29.94,29.6,30.5,31.4,32.3,33.2,34.1,35.1,36.1,37.1,38.1,39.1
Guinea-Bissau,1.0,1.18,1.36,1.54,1.72,1.9,2.22,2.54,2.86,3.18,3.5,3.98,4.46,4.94,5.42,5.9,6.6,7.3,8.0,8.7,9.4,10.1,10.8,11.5,12.2,12.9,13.3,13.7,14.1,14.5,14.9,15.38,15.86,16.34,16.82,17.3,17.94,18.58,19.22,19.86,20.5,21.26,22.02,22.78,23.54,24.3,25.24,26.18,27.12,28.06,29.0,28.9,28.8,28.7,28.6,28.5,30.28,32.06,33.84,35.62,37.4
Guyana,49.2,51.0,52.8,54.6,56.4,58.2,59.5,60.8,62.1,63.4,64.7,65.4,66.1,66.8,67.5,68.2,68.78,69.36,69.94,70.52,71.1,71.66,72.22,72.78,73.34,73.9,74.46,75.02,75.58,76.14,76.7,77.64,78.58,79.52,80.46,81.4,80.78,80.16,79.54,78.92,78.3,79.56,80.82,82.08,83.34,84.6,85.1,85.6,86.1,86.6,87.1,87.7,88.3,88.9,89.5,90.1,90.62,91.14,91.66,92.18,92.7
Haiti,6.3,6.48,6.66,6.84,7.02,7.2,7.46,7.72,7.98,8.24,8.5,8.9,9.3,9.7,10.1,10.5,10.92,11.34,11.76,12.18,12.6,13.28,13.96,14.64,15.32,16.0,17.1,18.2,19.3,20.4,21.5,23.0,24.5,26.0,27.5,29.0,30.56,32.12,33.68,35.24,36.8,37.44,38.08,38.72,39.36,40.0,41.38,42.76,44.14,45.52,46.9,48.28,49.66,51.04,52.42,53.8,55.2,56.6,58.0,59.4,60.8
Honduras,6.0,6.34,6.68,7.02,7.36,7.7,8.12,8.54,8.96,9.38,9.8,10.32,10.84,11.36,11.88,12.4,12.94,13.48,14.02,14.56,15.1,15.74,16.38,17.02,17.66,18.3,18.96,19.62,20.28,20.94,21.6,22.0,22.4,22.8,23.2,23.6,23.9,24.2,24.5,24.8,25.1,25.62,26.14,26.66,27.18,27.7,28.8,29.9,31.0,32.1,33.2,34.32,35.44,36.56,37.68,38.8,39.62,40.44,41.26,42.08,42.9
"Hong Kong, China",33.7,35.06,36.42,37.78,39.14,40.5,41.68,42.86,44.04,45.22,46.4,47.8,49.2,50.6,52.0,53.4,55.9,58.4,60.9,63.4,65.9,68.54,71.18,73.82,76.46,79.1,80.58,82.06,83.54,85.02,86.5,87.2,87.9,88.6,89.3,90.0,90.68,91.36,92.04,92.72,93.4,93.92,94.44,94.96,95.48,96.0,95.62,95.24,94.86,94.48,94.1,94.5,94.9,95.3,95.7,96.1,96.08,96.06,96.04,96.02,96.0
Hungary,91.2,92.14,93.08,94.02,94.96,95.9,96.24,96.58,96.92,97.26,97.6,97.64,97.68,97.72,97.76,97.8,97.78,97.76,97.74,97.72,97.7,97.76,97.82,97.88,97.94,98.0,98.08,98.16,98.24,98.32,98.4,98.44,98.48,98.52,98.56,98.6,98.56,98.52,98.48,98.44,98.4,98.4,98.4,98.4,98.4,98.4,98.3,98.2,98.1,98.0,97.9,98.02,98.14,98.26,98.38,98.5,98.56,98.62,98.68,98.74,98.8
Iceland,99.9,99.9,99.9,99.9,99.9,99.9,99.9,99.9,99.9,99.9,99.9,99.9,99.9,99.9,99.9,99.9,99.9,99.9,99.9,99.9,99.9,99.92,99.94,99.96,99.98,100.0,100.0,100.0,100.0,100.0,100.0,99.98,99.96,99.94,99.92,99.9,99.9,99.9,99.9,99.9,99.9,99.92,99.94,99.96,99.98,100.0,99.22,98.44,97.66,96.88,96.1,96.36,96.62,96.88,97.14,97.4,97.56,97.72,97.88,98.04,98.2
India,15.2,15.9,16.6,17.3,18.0,18.7,19.62,20.54,21.46,22.38,23.3,24.44,25.58,26.72,27.86,29.0,29.44,29.88,30.32,30.76,31.2,31.74,32.28,32.82,33.36,33.9,34.72,35.54,36.36,37.18,38.0,39.0,40.0,41.0,42.0,43.0,44.1,45.2,46.3,47.4,48.5,49.64,50.78,51.92,53.06,54.2,55.52,56.84,58.16,59.48,60.8,62.14,63.48,64.82,66.16,67.5,68.3,69.1,69.9,70.7,71.5
Indonesia,10.9,11.78,12.66,13.54,14.42,15.3,16.2,17.1,18.0,18.9,19.8,20.86,21.92,22.98,24.04,25.1,25.82,26.54,27.26,27.98,28.7,30.24,31.78,33.32,34.86,36.4,38.68,40.96,43.24,45.52,47.8,49.24,50.68,52.12,53.56,55.0,56.08,57.16,58.24,59.32,60.4,61.88,63.36,64.84,66.32,67.8,68.82,69.84,70.86,71.88,72.9,74.02,75.14,76.26,77.38,78.5,79.6,80.7,81.8,82.9,84.0
Iran,12.2,13.56,14.92,16.28,17.64,19.0,20.2,21.4,22.6,23.8,25.0,26.5,28.0,29.5,31.0,32.5,34.08,35.66,37.24,38.82,40.4,41.62,42.84,44.06,45.28,46.5,47.38,48.26,49.14,50.02,50.9,52.56,54.22,55.88,57.54,59.2,61.18,63.16,65.14,67.12,69.1,70.36,71.62,72.88,74.14,75.4,76.1,76.8,77.5,78.2,78.9,79.82,80.74,81.66,82.58,83.5,84.22,84.94,85.66,86.38,87.1
Iraq,12.1,13.64,15.18,16.72,18.26,19.8,20.54,21.28,22.02,22.76,23.5,23.96,24.42,24.88,25.34,25.8,27.58,29.36,31.14,32.92,34.7,35.68,36.66,37.64,38.62,39.6,39.4,39.2,39.0,38.8,38.6,37.78,36.96,36.14,35.32,34.5,34.2,33.9,33.6,33.3,33.0,33.32,33.64,33.96,34.28,34.6,35.02,35.44,35.86,36.28,36.7,38.38,40.06,41.74,43.42,45.1,46.82,48.54,50.26,51.98,53.7
Ireland,42.6,44.3,46.0,47.7,49.4,51.1,52.74,54.38,56.02,57.66,59.3,61.52,63.74,65.96,68.18,70.4,72.56,74.72,76.88,79.04,81.2,82.58,83.96,85.34,86.72,88.1,88.94,89.78,90.62,91.46,92.3,92.72,93.14,93.56,93.98,94.4,94.68,94.96,95.24,95.52,95.8,95.94,96.08,96.22,96.36,96.5,96.76,97.02,97.28,97.54,97.8,97.6,97.4,97.2,97.0,96.8,96.9,97.0,97.1,97.2,97.3
Israel,42.0,43.26,44.52,45.78,47.04,48.3,50.26,52.22,54.18,56.14,58.1,59.16,60.22,61.28,62.34,63.4,64.16,64.92,65.68,66.44,67.2,67.66,68.12,68.58,69.04,69.5,70.42,71.34,72.26,73.18,74.1,74.92,75.74,76.56,77.38,78.2,78.92,79.64,80.36,81.08,81.8,82.46,83.12,83.78,84.44,85.1,85.7,86.3,86.9,87.5,88.1,88.7,89.3,89.9,90.5,91.1,91.56,92.02,92.48,92.94,93.4
Italy,39.4,41.94,44.48,47.02,49.56,52.1,54.92,57.74,60.56,63.38,66.2,68.96,71.72,74.48,77.24,80.0,81.78,83.56,85.34,87.12,88.9,89.7,90.5,91.3,92.1,92.9,93.26,93.62,93.98,94.34,94.7,94.94,95.18,95.42,95.66,95.9,96.06,96.22,96.38,96.54,96.7,96.88,97.06,97.24,97.42,97.6,97.7,97.8,97.9,98.0,98.1,98.22,98.34,98.46,98.58,98.7,98.72,98.74,98.76,98.78,98.8
Jamaica,32.8,34.22,35.64,37.06,38.48,39.9,41.84,43.78,45.72,47.66,49.6,52.28,54.96,57.64,60.32,63.0,65.42,67.84,70.26,72.68,75.1,76.58,78.06,79.54,81.02,82.5,83.18,83.86,84.54,85.22,85.9,86.44,86.98,87.52,88.06,88.6,89.12,89.64,90.16,90.68,91.2,91.92,92.64,93.36,94.08,94.8,95.0,95.2,95.4,95.6,95.8,95.98,96.16,96.34,96.52,96.7,96.92,97.14,97.36,97.58,97.8
Japan,89.5,90.2,90.9,91.6,92.3,93.0,94.26,95.52,96.78,98.04,99.3,99.42,99.54,99.66,99.78,99.9,99.9,99.9,99.9,99.9,99.9,99.9,99.9,99.9,99.9,99.9,99.92,99.94,99.96,99.98,100.0,100.0,100.0,100.0,100.0,100.0,100.0,100.0,100.0,100.0,100.0,99.98,99.96,99.94,99.92,99.9,99.78,99.66,99.54,99.42,99.3,99.32,99.34,99.36,99.38,99.4,99.46,99.52,99.58,99.64,99.7
Jordan,30.4,32.78,35.16,37.54,39.92,42.3,43.78,45.26,46.74,48.22,49.7,50.54,51.38,52.22,53.06,53.9,54.74,55.58,56.42,57.26,58.1,58.82,59.54,60.26,60.98,61.7,62.04,62.38,62.72,63.06,63.4,63.62,63.84,64.06,64.28,64.5,63.98,63.46,62.94,62.42,61.9,62.76,63.62,64.48,65.34,66.2,67.26,68.32,69.38,70.44,71.5,72.5,73.5,74.5,75.5,76.5,77.26,78.02,78.78,79.54,80.3
Kazakhstan,71.5,73.46,75.42,77.38,79.34,81.3,83.28,85.26,87.24,89.22,91.2,92.26,93.32,94.38,95.44,96.5,96.86,97.22,97.58,97.94,98.3,98.42,98.54,98.66,98.78,98.9,98.94,98.98,99.02,99.06,99.1,99.1,99.1,99.1,99.1,99.1,99.08,99.06,99.04,99.02,99.0,99.0,99.0,99.0,99.0,99.0,99.02,99.04,99.06,99.08,99.1,99.16,99.22,99.28,99.34,99.4,99.36,99.32,99.28,99.24,99.2
Kenya,12.7,13.88,15.06,16.24,17.42,18.6,19.48,20.36,21.24,22.12,23.0,23.72,24.44,25.16,25.88,26.6,27.76,28.92,30.08,31.24,32.4,34.02,35.64,37.26,38.88,40.5,42.28,44.06,45.84,47.62,49.4,51.1,52.8,54.5,56.2,57.9,58.6,59.3,60.0,60.7,61.4,61.8,62.2,62.6,63.0,63.4,62.6,61.8,61.0,60.2,59.4,61.2,63.0,64.8,66.6,68.4,70.14,71.88,73.62,75.36,77.1
Kiribati,18.5,19.28,20.06,20.84,21.62,22.4,23.34,24.28,25.22,26.16,27.1,27.98,28.86,29.74,30.62,31.5,32.52,33.54,34.56,35.58,36.6,37.38,38.16,38.94,39.72,40.5,41.64,42.78,43.92,45.06,46.2,47.46,48.72,49.98,51.24,52.5,54.12,55.74,57.36,58.98,60.6,63.0,65.4,67.8,70.2,72.6,74.3,76.0,77.7,79.4,81.1,81.74,82.38,83.02,83.66,84.3,84.86,85.42,85.98,86.54,87.1
Kuwait,27.6,28.62,29.64,30.66,31.68,32.7,32.96,33.22,33.48,33.74,34.0,34.64,35.28,35.92,36.56,37.2,38.4,39.6,40.8,42.0,43.2,44.3,45.4,46.5,47.6,48.7,49.68,50.66,51.64,52.62,53.6,54.06,54.52,54.98,55.44,55.9,56.44,56.98,57.52,58.06,58.6,58.96,59.32,59.68,60.04,60.4,60.82,61.24,61.66,62.08,62.5,63.84,65.18,66.52,67.86,69.2,70.56,71.92,73.28,74.64,76.0
Kyrgyz Republic,73.2,75.68,78.16,80.64,83.12,85.6,87.38,89.16,90.94,92.72,94.5,95.2,95.9,96.6,97.3,98.0,98.16,98.32,98.48,98.64,98.8,98.82,98.84,98.86,98.88,98.9,98.92,98.94,98.96,98.98,99.0,99.0,99.0,99.0,99.0,99.0,99.0,99.0,99.0,99.0,99.0,99.02,99.04,99.06,99.08,99.1,97.92,96.74,95.56,94.38,93.2,93.64,94.08,94.52,94.96,95.4,95.84,96.28,96.72,97.16,97.6
Lao,7.2,7.48,7.76,8.04,8.32,8.6,9.22,9.84,10.46,11.08,11.7,12.26,12.82,13.38,13.94,14.5,15.52,16.54,17.56,18.58,19.6,20.76,21.92,23.08,24.24,25.4,26.14,26.88,27.62,28.36,29.1,29.26,29.42,29.58,29.74,29.9,29.96,30.02,30.08,30.14,30.2,31.42,32.64,33.86,35.08,36.3,38.08,39.86,41.64,43.42,45.2,46.98,48.76,50.54,52.32,54.1,55.84,57.58,59.32,61.06,62.8
Latvia,95.8,96.22,96.64,97.06,97.48,97.9,98.16,98.42,98.68,98.94,99.2,99.26,99.32,99.38,99.44,99.5,99.52,99.54,99.56,99.58,99.6,99.56,99.52,99.48,99.44,99.4,99.38,99.36,99.34,99.32,99.3,99.22,99.14,99.06,98.98,98.9,98.72,98.54,98.36,98.18,98.0,97.8,97.6,97.4,97.2,97.0,96.2,95.4,94.6,93.8,93.0,93.44,93.88,94.32,94.76,95.2,95.38,95.56,95.74,95.92,96.1
Lebanon,24.9,26.66,28.42,30.18,31.94,33.7,35.54,37.38,39.22,41.06,42.9,44.58,46.26,47.94,49.62,51.3,52.8,54.3,55.8,57.3,58.8,60.1,61.4,62.7,64.0,65.3,66.38,67.46,68.54,69.62,70.7,71.6,72.5,73.4,74.3,75.2,76.06,76.92,77.78,78.64,79.5,79.1,78.7,78.3,77.9,77.5,78.4,79.3,80.2,81.1,82.0,82.92,83.84,84.76,85.68,86.6,87.42,88.24,89.06,89.88,90.7
Lesotho,6.0,6.38,6.76,7.14,7.52,7.9,8.12,8.34,8.56,8.78,9.0,9.54,10.08,10.62,11.16,11.7,12.26,12.82,13.38,13.94,14.5,15.12,15.74,16.36,16.98,17.6,18.42,19.24,20.06,20.88,21.7,22.18,22.66,23.14,23.62,24.1,24.84,25.58,26.32,27.06,27.8,28.38,28.96,29.54,30.12,30.7,31.92,33.14,34.36,35.58,36.8,37.38,37.96,38.54,39.12,39.7,41.42,43.14,44.86,46.58,48.3
Liberia,6.7,7.32,7.94,8.56,9.18,9.8,10.5,11.2,11.9,12.6,13.3,14.38,15.46,16.54,17.62,18.7,19.8,20.9,22.0,23.1,24.2,24.86,25.52,26.18,26.84,27.5,27.94,28.38,28.82,29.26,29.7,29.78,29.86,29.94,30.02,30.1,30.1,30.1,30.1,30.1,30.1,30.24,30.38,30.52,30.66,30.8,30.44,30.08,29.72,29.36,29.0,30.8,32.6,34.4,36.2,38.0,39.84,41.68,43.52,45.36,47.2
Libya,0.0,0.0,0.0,0.0,0.0,0.0,0.0,0.0,0.0,0.0,0.0,0.0,0.0,0.0,0.0,0.0,0.0,0.0,0.0,0.0,0.0,0.0,0.0,0.0,0.0,0.0,0.0,0.0,0.0,0.0,0.0,0.0,0.0,0.0,0.0,0.0,0.0,0.0,0.0,0.0,0.0,0.0,0.0,0.0,0.0,0.0,0.0,0.0,0.0,0.0,0.0,15.22,30.44,45.66,60.88,76.1,77.06,78.02,78.98,79.94,80.9
Lithuania,76.7,79.38,82.06,84.74,87.42,90.1,91.58,93.06,94.54,96.02,97.5,97.84,98.18,98.52,98.86,99.2,99.24,99.28,99.32,99.36,99.4,99.42,99.44,99.46,99.48,99.5,99.46,99.42,99.38,99.34,99.3,99.16,99.02,98.88,98.74,98.6,98.5,98.4,98.3,98.2,98.1,98.24,98.38,98.52,98.66,98.8,97.22,95.64,94.06,92.48,90.9,91.48,92.06,92.64,93.22,93.8,94.32,94.84,95.36,95.88,96.4
Luxembourg,62.8,64.04,65.28,66.52,67.76,69.0,69.72,70.44,71.16,71.88,72.6,73.3,74.0,74.7,75.4,76.1,76.64,77.18,77.72,78.26,78.8,79.2,79.6,80.0,80.4,80.8,81.44,82.08,82.72,83.36,84.0,84.78,85.56,86.34,87.12,87.9,88.66,89.42,90.18,90.94,91.7,92.22,92.74,93.26,93.78,94.3,93.64,92.98,92.32,91.66,91.0,91.44,91.88,92.32,92.76,93.2,93.4,93.6,93.8,94.0,94.2
Macao Special Administrative Region of China,17.3,19.14,20.98,22.82,24.66,26.5,28.82,31.14,33.46,35.78,38.1,40.46,42.82,45.18,47.54,49.9,52.08,54.26,56.44,58.62,60.8,62.78,64.76,66.74,68.72,70.7,72.36,74.02,75.68,77.34,79.0,80.32,81.64,82.96,84.28,85.6,86.56,87.52,88.48,89.44,90.4,90.94,91.48,92.02,92.56,93.1,92.7,92.3,91.9,91.5,91.1,91.62,92.14,92.66,93.18,93.7,93.68,93.66,93.64,93.62,93.6
Madagascar,4.6,5.16,5.72,6.28,6.84,7.4,7.76,8.12,8.48,8.84,9.2,9.62,10.04,10.46,10.88,11.3,11.56,11.82,12.08,12.34,12.6,13.28,13.96,14.64,15.32,16.0,16.74,17.48,18.22,18.96,19.7,19.26,18.82,18.38,17.94,17.5,16.68,15.86,15.04,14.22,13.4,13.1,12.8,12.5,12.2,11.9,12.26,12.62,12.98,13.34,13.7,14.84,15.98,17.12,18.26,19.4,20.54,21.68,22.82,23.96,25.1
Malawi,8.3,8.96,9.62,10.28,10.94,11.6,12.42,13.24,14.06,14.88,15.7,16.34,16.98,17.62,18.26,18.9,19.54,20.18,20.82,21.46,22.1,22.7,23.3,23.9,24.5,25.1,25.52,25.94,26.36,26.78,27.2,27.58,27.96,28.34,28.72,29.1,30.04,30.98,31.92,32.86,33.8,35.06,36.32,37.58,38.84,40.1,40.74,41.38,42.02,42.66,43.3,44.36,45.42,46.48,47.54,48.6,49.68,50.76,51.84,52.92,54.0
Malaysia,16.1,17.78,19.46,21.14,22.82,24.5,26.58,28.66,30.74,32.82,34.9,37.58,40.26,42.94,45.62,48.3,50.3,52.3,54.3,56.3,58.3,60.72,63.14,65.56,67.98,70.4,71.9,73.4,74.9,76.4,77.9,78.78,79.66,80.54,81.42,82.3,83.18,84.06,84.94,85.82,86.7,87.78,88.86,89.94,91.02,92.1,92.4,92.7,93.0,93.3,93.6,93.9,94.2,94.5,94.8,95.1,95.34,95.58,95.82,96.06,96.3
Maldives,3.0,3.1,3.2,3.3,3.4,3.5,3.64,3.78,3.92,4.06,4.2,4.24,4.28,4.32,4.36,4.4,4.58,4.76,4.94,5.12,5.3,5.82,6.34,6.86,7.38,7.9,9.02,10.14,11.26,12.38,13.5,15.8,18.1,20.4,22.7,25.0,28.52,32.04,35.56,39.08,42.6,44.96,47.32,49.68,52.04,54.4,54.64,54.88,55.12,55.36,55.6,55.94,56.28,56.62,56.96,57.3,57.72,58.14,58.56,58.98,59.4
Mali,1.6,1.7,1.8,1.9,2.0,2.1,2.34,2.58,2.82,3.06,3.3,3.7,4.1,4.5,4.9,5.3,5.6,5.9,6.2,6.5,6.8,6.84,6.88,6.92,6.96,7.0,6.94,6.88,6.82,6.76,6.7,6.76,6.82,6.88,6.94,7.0,7.24,7.48,7.72,7.96,8.2,8.82,9.44,10.06,10.68,11.3,12.16,13.02,13.88,14.74,15.6,16.0,16.4,16.8,17.2,17.6,18.0,18.4,18.8,19.2,19.6
Malta,38.1,39.04,39.98,40.92,41.86,42.8,43.82,44.84,45.86,46.88,47.9,50.94,53.98,57.02,60.06,63.1,68.28,73.46,78.64,83.82,89.0,91.14,93.28,95.42,97.56,99.7,99.74,99.78,99.82,99.86,99.9,99.82,99.74,99.66,99.58,99.5,99.48,99.46,99.44,99.42,99.4,99.44,99.48,99.52,99.56,99.6,99.62,99.64,99.66,99.68,99.7,99.7,99.7,99.7,99.7,99.7,99.64,99.58,99.52,99.46,99.4
Martinique,29.5,31.14,32.78,34.42,36.06,37.7,39.36,41.02,42.68,44.34,46.0,47.74,49.48,51.22,52.96,54.7,56.14,57.58,59.02,60.46,61.9,63.24,64.58,65.92,67.26,68.6,69.76,70.92,72.08,73.24,74.4,75.52,76.64,77.76,78.88,80.0,81.16,82.32,83.48,84.64,85.8,86.52,87.24,87.96,88.68,89.4,89.48,89.56,89.64,89.72,89.8,90.34,90.88,91.42,91.96,92.5,92.94,93.38,93.82,94.26,94.7
Mauritania,0.0,0.0,0.0,0.0,0.0,0.0,0.0,0.0,0.0,0.0,0.0,0.0,0.0,0.0,0.0,0.0,0.0,0.0,0.0,0.0,0.0,0.0,0.0,0.0,0.0,0.0,0.0,0.0,0.0,0.0,0.0,0.0,0.0,0.0,0.0,0.0,0.0,0.0,0.0,0.0,0.0,0.0,0.0,0.0,0.0,0.0,0.0,0.0,0.0,0.0,0.0,5.68,11.36,17.04,22.72,28.4,29.44,30.48,31.52,32.56,33.6
Mauritius,12.2,13.62,15.04,16.46,17.88,19.3,20.86,22.42,23.98,25.54,27.1,28.34,29.58,30.82,32.06,33.3,34.74,36.18,37.62,39.06,40.5,41.68,42.86,44.04,45.22,46.4,46.94,47.48,48.02,48.56,49.1,49.72,50.34,50.96,51.58,52.2,53.08,53.96,54.84,55.72,56.6,58.12,59.64,61.16,62.68,64.2,65.92,67.64,69.36,71.08,72.8,73.78,74.76,75.74,76.72,77.7,78.22,78.74,79.26,79.78,80.3
Mayotte,0.0,0.0,0.0,0.0,0.0,0.0,0.0,0.0,0.0,0.0,0.0,0.0,0.0,0.0,0.0,0.0,0.0,0.0,0.0,0.0,0.0,0.0,0.0,0.0,0.0,0.0,0.0,0.0,0.0,0.0,0.0,0.0,0.0,0.0,0.0,0.0,0.0,0.0,0.0,0.0,0.0,0.0,0.0,0.0,0.0,0.0,0.0,0.0,0.0,0.0,0.0,17.54,35.08,52.62,70.16,87.7,88.18,88.66,89.14,89.62,90.1
Mexico,14.9,16.0,17.1,18.2,19.3,20.4,21.84,23.28,24.72,26.16,27.6,29.16,30.72,32.28,33.84,35.4,37.14,38.88,40.62,42.36,44.1,45.94,47.78,49.62,51.46,53.3,54.8,56.3,57.8,59.3,60.8,61.54,62.28,63.02,63.76,64.5,65.04,65.58,66.12,66.66,67.2,68.4,69.6,70.8,72.0,73.2,74.12,75.04,75.96,76.88,77.8,78.5,79.2,79.9,80.6,81.3,82.0,82.7,83.4,84.1,84.8
"Micronesia, Fed. Sts.",28.7,31.82,34.94,38.06,41.18,44.3,48.08,51.86,55.64,59.42,63.2,65.54,67.88,70.22,72.56,74.9,76.1,77.3,78.5,79.7,80.9,80.92,80.94,80.96,80.98,81.0,81.06,81.12,81.18,81.24,81.3,81.48,81.66,81.84,82.02,82.2,82.36,82.52,82.68,82.84,83.0,83.1,83.2,83.3,83.4,83.5,82.48,81.46,80.44,79.42,78.4,79.66,80.92,82.18,83.44,84.7,85.96,87.22,88.48,89.74,91.0
Mongolia,48.3,50.96,53.62,56.28,58.94,61.6,64.0,66.4,68.8,71.2,73.6,74.72,75.84,76.96,78.08,79.2,80.38,81.56,82.74,83.92,85.1,86.1,87.1,88.1,89.1,90.1,90.72,91.34,91.96,92.58,93.2,93.18,93.16,93.14,93.12,93.1,91.76,90.42,89.08,87.74,86.4,86.02,85.64,85.26,84.88,84.5,85.44,86.38,87.32,88.26,89.2,89.86,90.52,91.18,91.84,92.5,93.12,93.74,94.36,94.98,95.6
Montenegro,66.4,68.42,70.44,72.46,74.48,76.5,78.82,81.14,83.46,85.78,88.1,89.12,90.14,91.16,92.18,93.2,93.68,94.16,94.64,95.12,95.6,95.92,96.24,96.56,96.88,97.2,97.3,97.4,97.5,97.6,97.7,97.72,97.74,97.76,97.78,97.8,97.76,97.72,97.68,97.64,97.6,97.58,97.56,97.54,97.52,97.5,97.36,97.22,97.08,96.94,96.8,97.0,97.2,97.4,97.6,97.8,97.94,98.08,98.22,98.36,98.5
Morocco,2.7,3.2,3.7,4.2,4.7,5.2,6.1,7.0,7.9,8.8,9.7,10.44,11.18,11.92,12.66,13.4,13.94,14.48,15.02,15.56,16.1,16.9,17.7,18.5,19.3,20.1,21.1,22.1,23.1,24.1,25.1,25.52,25.94,26.36,26.78,27.2,27.68,28.16,28.64,29.12,29.6,30.12,30.64,31.16,31.68,32.2,34.36,36.52,38.68,40.84,43.0,45.16,47.32,49.48,51.64,53.8,55.94,58.08,60.22,62.36,64.5
Mozambique,1.8,1.98,2.16,2.34,2.52,2.7,3.02,3.34,3.66,3.98,4.3,4.76,5.22,5.68,6.14,6.6,7.04,7.48,7.92,8.36,8.8,9.0,9.2,9.4,9.6,9.8,9.94,10.08,10.22,10.36,10.5,10.98,11.46,11.94,12.42,12.9,13.84,14.78,15.72,16.66,17.6,18.24,18.88,19.52,20.16,20.8,21.68,22.56,23.44,24.32,25.2,26.06,26.92,27.78,28.64,29.5,30.42,31.34,32.26,33.18,34.1
Myanmar,13.7,14.64,15.58,16.52,17.46,18.4,19.06,19.72,20.38,21.04,21.7,22.24,22.78,23.32,23.86,24.4,25.22,26.04,26.86,27.68,28.5,28.88,29.26,29.64,30.02,30.4,31.1,31.8,32.5,33.2,33.9,34.7,35.5,36.3,37.1,37.9,38.24,38.58,38.92,39.26,39.6,40.52,41.44,42.36,43.28,44.2,45.34,46.48,47.62,48.76,49.9,50.68,51.46,52.24,53.02,53.8,55.5,57.2,58.9,60.6,62.3
Namibia,9.4,9.72,10.04,10.36,10.68,11.0,11.76,12.52,13.28,14.04,14.8,15.4,16.0,16.6,17.2,17.8,18.74,19.68,20.62,21.56,22.5,24.0,25.5,27.0,28.5,30.0,31.86,33.72,35.58,37.44,39.3,40.86,42.42,43.98,45.54,47.1,47.98,48.86,49.74,50.62,51.5,52.06,52.62,53.18,53.74,54.3,55.08,55.86,56.64,57.42,58.2,58.16,58.12,58.08,58.04,58.0,60.2,62.4,64.6,66.8,69.0
Nepal,5.3,5.7,6.1,6.5,6.9,7.3,7.92,8.54,9.16,9.78,10.4,11.18,11.96,12.74,13.52,14.3,15.04,15.78,16.52,17.26,18.0,19.06,20.12,21.18,22.24,23.3,24.44,25.58,26.72,27.86,29.0,30.26,31.52,32.78,34.04,35.3,36.46,37.62,38.78,39.94,41.1,42.54,43.98,45.42,46.86,48.3,49.64,50.98,52.32,53.66,55.0,56.22,57.44,58.66,59.88,61.1,62.32,63.54,64.76,65.98,67.2
Netherlands,77.6,78.28,78.96,79.64,80.32,81.0,81.5,82.0,82.5,83.0,83.5,84.02,84.54,85.06,85.58,86.1,86.76,87.42,88.08,88.74,89.4,89.78,90.16,90.54,90.92,91.3,91.6,91.9,92.2,92.5,92.8,92.94,93.08,93.22,93.36,93.5,93.68,93.86,94.04,94.22,94.4,94.58,94.76,94.94,95.12,95.3,95.7,96.1,96.5,96.9,97.3,96.88,96.46,96.04,95.62,95.2,95.42,95.64,95.86,96.08,96.3
New Caledonia,32.5,33.82,35.14,36.46,37.78,39.1,40.8,42.5,44.2,45.9,47.6,49.38,51.16,52.94,54.72,56.5,57.92,59.34,60.76,62.18,63.6,65.14,66.68,68.22,69.76,71.3,73.32,75.34,77.36,79.38,81.4,82.84,84.28,85.72,87.16,88.6,89.46,90.32,91.18,92.04,92.9,93.5,94.1,94.7,95.3,95.9,96.16,96.42,96.68,96.94,97.2,97.4,97.6,97.8,98.0,98.2,98.18,98.16,98.14,98.12,98.1
New Zealand,63.6,65.14,66.68,68.22,69.76,71.3,72.58,73.86,75.14,76.42,77.7,78.72,79.74,80.76,81.78,82.8,83.54,84.28,85.02,85.76,86.5,87.2,87.9,88.6,89.3,90.0,90.38,90.76,91.14,91.52,91.9,92.18,92.46,92.74,93.02,93.3,93.5,93.7,93.9,94.1,94.3,94.38,94.46,94.54,94.62,94.7,94.72,94.74,94.76,94.78,94.8,94.94,95.08,95.22,95.36,95.5,95.72,95.94,96.16,96.38,96.6
Nicaragua,8.3,8.8,9.3,9.8,10.3,10.8,11.66,12.52,13.38,14.24,15.1,16.24,17.38,18.52,19.66,20.8,21.9,23.0,24.1,25.2,26.3,27.18,28.06,28.94,29.82,30.7,30.92,31.14,31.36,31.58,31.8,31.88,31.96,32.04,32.12,32.2,32.84,33.48,34.12,34.76,35.4,36.08,36.76,37.44,38.12,38.8,40.0,41.2,42.4,43.6,44.8,46.02,47.24,48.46,49.68,50.9,52.1,53.3,54.5,55.7,56.9
Niger,0.3,0.38,0.46,0.54,0.62,0.7,0.84,0.98,1.12,1.26,1.4,1.62,1.84,2.06,2.28,2.5,2.56,2.62,2.68,2.74,2.8,2.96,3.12,3.28,3.44,3.6,3.68,3.76,3.84,3.92,4.0,4.06,4.12,4.18,4.24,4.3,4.44,4.58,4.72,4.86,5.0,5.14,5.28,5.42,5.56,5.7,5.62,5.54,5.46,5.38,5.3,5.98,6.66,7.34,8.02,8.7,9.42,10.14,10.86,11.58,12.3
Nigeria,6.6,6.86,7.12,7.38,7.64,7.9,8.24,8.58,8.92,9.26,9.6,10.02,10.44,10.86,11.28,11.7,12.68,13.66,14.64,15.62,16.6,18.24,19.88,21.52,23.16,24.8,26.2,27.6,29.0,30.4,31.8,32.8,33.8,34.8,35.8,36.8,37.64,38.48,39.32,40.16,41.0,41.98,42.96,43.94,44.92,45.9,47.06,48.22,49.38,50.54,51.7,52.5,53.3,54.1,54.9,55.7,57.06,58.42,59.78,61.14,62.5
Norway,99.3,99.3,99.3,99.3,99.3,99.3,99.3,99.3,99.3,99.3,99.3,99.28,99.26,99.24,99.22,99.2,99.18,99.16,99.14,99.12,99.1,99.12,99.14,99.16,99.18,99.2,99.22,99.24,99.26,99.28,99.3,99.28,99.26,99.24,99.22,99.2,99.14,99.08,99.02,98.96,98.9,98.92,98.94,98.96,98.98,99.0,99.06,99.12,99.18,99.24,99.3,99.36,99.42,99.48,99.54,99.6,99.58,99.56,99.54,99.52,99.5
Occupied Palestinian Territory,23.6,25.62,27.64,29.66,31.68,33.7,35.54,37.38,39.22,41.06,42.9,43.94,44.98,46.02,47.06,48.1,50.08,52.06,54.04,56.02,58.0,59.46,60.92,62.38,63.84,65.3,65.92,66.54,67.16,67.78,68.4,69.38,70.36,71.34,72.32,73.3,74.64,75.98,77.32,78.66,80.0,81.24,82.48,83.72,84.96,86.2,86.9,87.6,88.3,89.0,89.7,90.06,90.42,90.78,91.14,91.5,91.84,92.18,92.52,92.86,93.2
Oman,3.9,4.42,4.94,5.46,5.98,6.5,7.66,8.82,9.98,11.14,12.3,13.64,14.98,16.32,17.66,19.0,20.12,21.24,22.36,23.48,24.6,25.68,26.76,27.84,28.92,30.0,31.48,32.96,34.44,35.92,37.4,39.16,40.92,42.68,44.44,46.2,47.84,49.48,51.12,52.76,54.4,56.32,58.24,60.16,62.08,64.0,65.04,66.08,67.12,68.16,69.2,70.26,71.32,72.38,73.44,74.5,75.5,76.5,77.5,78.5,79.5
Pakistan,9.5,10.02,10.54,11.06,11.58,12.1,12.56,13.02,13.48,13.94,14.4,14.9,15.4,15.9,16.4,16.9,17.6,18.3,19.0,19.7,20.4,20.98,21.56,22.14,22.72,23.3,23.62,23.94,24.26,24.58,24.9,25.44,25.98,26.52,27.06,27.6,28.56,29.52,30.48,31.44,32.4,33.64,34.88,36.12,37.36,38.6,39.84,41.08,42.32,43.56,44.8,46.06,47.32,48.58,49.84,51.1,52.34,53.58,54.82,56.06,57.3
Panama,26.9,28.14,29.38,30.62,31.86,33.1,34.32,35.54,36.76,37.98,39.2,40.98,42.76,44.54,46.32,48.1,49.74,51.38,53.02,54.66,56.3,57.1,57.9,58.7,59.5,60.3,60.5,60.7,60.9,61.1,61.3,61.76,62.22,62.68,63.14,63.6,64.2,64.8,65.4,66.0,66.6,67.38,68.16,68.94,69.72,70.5,71.04,71.58,72.12,72.66,73.2,74.1,75.0,75.9,76.8,77.7,78.62,79.54,80.46,81.38,82.3
Papua New Guinea,0.0,0.0,0.0,0.0,0.0,0.0,0.0,0.0,0.0,0.0,0.0,0.0,0.0,0.0,0.0,0.0,0.0,0.0,0.0,0.0,0.0,0.0,0.0,0.0,0.0,0.0,0.0,0.0,0.0,0.0,0.0,0.0,0.0,0.0,0.0,0.0,0.0,0.0,0.0,0.0,0.0,0.0,0.0,0.0,0.0,0.0,0.0,0.0,0.0,0.0,0.0,10.56,21.12,31.68,42.24,52.8,54.38,55.96,57.54,59.12,60.7
Paraguay,16.9,17.42,17.94,18.46,18.98,19.5,20.16,20.82,21.48,22.14,22.8,23.62,24.44,25.26,26.08,26.9,27.76,28.62,29.48,30.34,31.2,32.1,33.0,33.9,34.8,35.7,36.4,37.1,37.8,38.5,39.2,40.32,41.44,42.56,43.68,44.8,44.92,45.04,45.16,45.28,45.4,46.56,47.72,48.88,50.04,51.2,52.34,53.48,54.62,55.76,56.9,58.06,59.22,60.38,61.54,62.7,63.86,65.02,66.18,67.34,68.5
Peru,34.2,35.76,37.32,38.88,40.44,42.0,43.6,45.2,46.8,48.4,50.0,51.2,52.4,53.6,54.8,56.0,56.84,57.68,58.52,59.36,60.2,60.96,61.72,62.48,63.24,64.0,64.84,65.68,66.52,67.36,68.2,69.1,70.0,70.9,71.8,72.7,73.44,74.18,74.92,75.66,76.4,76.28,76.16,76.04,75.92,75.8,76.64,77.48,78.32,79.16,80.0,80.86,81.72,82.58,83.44,84.3,85.16,86.02,86.88,87.74,88.6
Philippines,27.1,27.98,28.86,29.74,30.62,31.5,33.1,34.7,36.3,37.9,39.5,40.74,41.98,43.22,44.46,45.7,46.76,47.82,48.88,49.94,51.0,52.06,53.12,54.18,55.24,56.3,57.16,58.02,58.88,59.74,60.6,61.38,62.16,62.94,63.72,64.5,65.02,65.54,66.06,66.58,67.1,68.22,69.34,70.46,71.58,72.7,73.82,74.94,76.06,77.18,78.3,79.42,80.54,81.66,82.78,83.9,85.02,86.14,87.26,88.38,89.5
Poland,97.8,98.04,98.28,98.52,98.76,99.0,99.1,99.2,99.3,99.4,99.5,99.52,99.54,99.56,99.58,99.6,99.62,99.64,99.66,99.68,99.7,99.7,99.7,99.7,99.7,99.7,99.7,99.7,99.7,99.7,99.7,99.7,99.7,99.7,99.7,99.7,99.72,99.74,99.76,99.78,99.8,99.7,99.6,99.5,99.4,99.3,97.74,96.18,94.62,93.06,91.5,92.06,92.62,93.18,93.74,94.3,94.84,95.38,95.92,96.46,97.0
Portugal,14.0,15.18,16.36,17.54,18.72,19.9,21.28,22.66,24.04,25.42,26.8,28.38,29.96,31.54,33.12,34.7,36.54,38.38,40.22,42.06,43.9,45.28,46.66,48.04,49.42,50.8,52.46,54.12,55.78,57.44,59.1,61.26,63.42,65.58,67.74,69.9,71.9,73.9,75.9,77.9,79.9,81.12,82.34,83.56,84.78,86.0,85.74,85.48,85.22,84.96,84.7,85.58,86.46,87.34,88.22,89.1,89.88,90.66,91.44,92.22,93.0
Puerto Rico,57.1,58.56,60.02,61.48,62.94,64.4,66.22,68.04,69.86,71.68,73.5,74.96,76.42,77.88,79.34,80.8,81.7,82.6,83.5,84.4,85.3,85.9,86.5,87.1,87.7,88.3,88.72,89.14,89.56,89.98,90.4,90.46,90.52,90.58,90.64,90.7,91.04,91.38,91.72,92.06,92.4,92.74,93.08,93.42,93.76,94.1,94.48,94.86,95.24,95.62,96.0,96.18,96.36,96.54,96.72,96.9,97.02,97.14,97.26,97.38,97.5
Qatar,25.6,26.9,28.2,29.5,30.8,32.1,33.36,34.62,35.88,37.14,38.4,39.54,40.68,41.82,42.96,44.1,44.9,45.7,46.5,47.3,48.1,48.72,49.34,49.96,50.58,51.2,51.78,52.36,52.94,53.52,54.1,53.64,53.18,52.72,52.26,51.8,52.62,53.44,54.26,55.08,55.9,55.66,55.42,55.18,54.94,54.7,54.18,53.66,53.14,52.62,52.1,53.7,55.3,56.9,58.5,60.1,62.7,65.3,67.9,70.5,73.1
South Korea,38.4,40.8,43.2,45.6,48.0,50.4,53.16,55.92,58.68,61.44,64.2,66.68,69.16,71.64,74.12,76.6,78.66,80.72,82.78,84.84,86.9,88.38,89.86,91.34,92.82,94.3,95.08,95.86,96.64,97.42,98.2,98.42,98.64,98.86,99.08,99.3,99.34,99.38,99.42,99.46,99.5,99.56,99.62,99.68,99.74,99.8,99.62,99.44,99.26,99.08,98.9,98.98,99.06,99.14,99.22,99.3,99.38,99.46,99.54,99.62,99.7
Moldova,48.0,51.58,55.16,58.74,62.32,65.9,69.7,73.5,77.3,81.1,84.9,86.7,88.5,90.3,92.1,93.9,94.44,94.98,95.52,96.06,96.6,96.76,96.92,97.08,97.24,97.4,97.44,97.48,97.52,97.56,97.6,97.58,97.56,97.54,97.52,97.5,97.4,97.3,97.2,97.1,97.0,96.92,96.84,96.76,96.68,96.6,96.78,96.96,97.14,97.32,97.5,97.66,97.82,97.98,98.14,98.3,98.38,98.46,98.54,98.62,98.7
Reunion,16.7,18.0,19.3,20.6,21.9,23.2,24.5,25.8,27.1,28.4,29.7,31.2,32.7,34.2,35.7,37.2,38.46,39.72,40.98,42.24,43.5,44.9,46.3,47.7,49.1,50.5,52.02,53.54,55.06,56.58,58.1,59.7,61.3,62.9,64.5,66.1,67.98,69.86,71.74,73.62,75.5,77.0,78.5,80.0,81.5,83.0,83.36,83.72,84.08,84.44,84.8,85.36,85.92,86.48,87.04,87.6,88.12,88.64,89.16,89.68,90.2
Romania,63.5,66.0,68.5,71.0,73.5,76.0,78.56,81.12,83.68,86.24,88.8,89.82,90.84,91.86,92.88,93.9,94.2,94.5,94.8,95.1,95.4,95.62,95.84,96.06,96.28,96.5,96.56,96.62,96.68,96.74,96.8,96.54,96.28,96.02,95.76,95.5,95.18,94.86,94.54,94.22,93.9,93.94,93.98,94.02,94.06,94.1,94.1,94.1,94.1,94.1,94.1,94.42,94.74,95.06,95.38,95.7,96.02,96.34,96.66,96.98,97.3
Russia,75.9,78.38,80.86,83.34,85.82,88.3,89.78,91.26,92.74,94.22,95.7,96.14,96.58,97.02,97.46,97.9,98.04,98.18,98.32,98.46,98.6,98.66,98.72,98.78,98.84,98.9,98.9,98.9,98.9,98.9,98.9,98.88,98.86,98.84,98.82,98.8,98.74,98.68,98.62,98.56,98.5,98.56,98.62,98.68,98.74,98.8,98.7,98.6,98.5,98.4,98.3,98.4,98.5,98.6,98.7,98.8,98.82,98.84,98.86,98.88,98.9
Rwanda,1.5,1.6,1.7,1.8,1.9,2.0,2.06,2.12,2.18,2.24,2.3,2.34,2.38,2.42,2.46,2.5,2.7,2.9,3.1,3.3,3.5,3.88,4.26,4.64,5.02,5.4,5.76,6.12,6.48,6.84,7.2,7.52,7.84,8.16,8.48,8.8,9.3,9.8,10.3,10.8,11.3,12.18,13.06,13.94,14.82,15.7,16.18,16.66,17.14,17.62,18.1,18.96,19.82,20.68,21.54,22.4,23.4,24.4,25.4,26.4,27.4
St. Lucia,12.8,13.64,14.48,15.32,16.16,17.0,18.1,19.2,20.3,21.4,22.5,24.04,25.58,27.12,28.66,30.2,32.06,33.92,35.78,37.64,39.5,40.34,41.18,42.02,42.86,43.7,44.42,45.14,45.86,46.58,47.3,49.24,51.18,53.12,55.06,57.0,59.5,62.0,64.5,67.0,69.5,71.2,72.9,74.6,76.3,78.0,77.92,77.84,77.76,77.68,77.6,78.56,79.52,80.48,81.44,82.4,83.4,84.4,85.4,86.4,87.4
St. Vincent and the Grenadines,13.9,14.76,15.62,16.48,17.34,18.2,19.2,20.2,21.2,22.2,23.2,24.52,25.84,27.16,28.48,29.8,30.8,31.8,32.8,33.8,34.8,35.26,35.72,36.18,36.64,37.1,38.52,39.94,41.36,42.78,44.2,45.42,46.64,47.86,49.08,50.3,51.4,52.5,53.6,54.7,55.8,57.68,59.56,61.44,63.32,65.2,66.16,67.12,68.08,69.04,70.0,70.94,71.88,72.82,73.76,74.7,75.68,76.66,77.64,78.62,79.6
Samoa,19.7,21.24,22.78,24.32,25.86,27.4,28.78,30.16,31.54,32.92,34.3,35.98,37.66,39.34,41.02,42.7,45.22,47.74,50.26,52.78,55.3,56.6,57.9,59.2,60.5,61.8,62.3,62.8,63.3,63.8,64.3,64.32,64.34,64.36,64.38,64.4,64.14,63.88,63.62,63.36,63.1,64.44,65.78,67.12,68.46,69.8,71.12,72.44,73.76,75.08,76.4,77.72,79.04,80.36,81.68,83.0,84.32,85.64,86.96,88.28,89.6
Sao Tome and Principe,0.7,0.92,1.14,1.36,1.58,1.8,2.16,2.52,2.88,3.24,3.6,4.42,5.24,6.06,6.88,7.7,8.48,9.26,10.04,10.82,11.6,12.48,13.36,14.24,15.12,16.0,16.14,16.28,16.42,16.56,16.7,16.5,16.3,16.1,15.9,15.7,15.7,15.7,15.7,15.7,15.7,16.04,16.38,16.72,17.06,17.4,18.72,20.04,21.36,22.68,24.0,25.32,26.64,27.96,29.28,30.6,31.96,33.32,34.68,36.04,37.4
Saudi Arabia,11.5,11.72,11.94,12.16,12.38,12.6,13.7,14.8,15.9,17.0,18.1,19.68,21.26,22.84,24.42,26.0,28.24,30.48,32.72,34.96,37.2,39.14,41.08,43.02,44.96,46.9,49.28,51.66,54.04,56.42,58.8,60.46,62.12,63.78,65.44,67.1,68.9,70.7,72.5,74.3,76.1,77.14,78.18,79.22,80.26,81.3,81.98,82.66,83.34,84.02,84.7,85.36,86.02,86.68,87.34,88.0,88.56,89.12,89.68,90.24,90.8
Senegal,5.3,5.9,6.5,7.1,7.7,8.3,8.84,9.38,9.92,10.46,11.0,11.22,11.44,11.66,11.88,12.1,11.96,11.82,11.68,11.54,11.4,11.48,11.56,11.64,11.72,11.8,11.96,12.12,12.28,12.44,12.6,12.74,12.88,13.02,13.16,13.3,13.2,13.1,13.0,12.9,12.8,13.82,14.84,15.86,16.88,17.9,18.92,19.94,20.96,21.98,23.0,24.04,25.08,26.12,27.16,28.2,29.26,30.32,31.38,32.44,33.5
Serbia,58.2,61.26,64.32,67.38,70.44,73.5,76.0,78.5,81.0,83.5,86.0,86.94,87.88,88.82,89.76,90.7,91.48,92.26,93.04,93.82,94.6,95.1,95.6,96.1,96.6,97.1,97.2,97.3,97.4,97.5,97.6,97.58,97.56,97.54,97.52,97.5,97.48,97.46,97.44,97.42,97.4,97.42,97.44,97.46,97.48,97.5,97.42,97.34,97.26,97.18,97.1,97.3,97.5,97.7,97.9,98.1,98.28,98.46,98.64,98.82,99.0
Seychelles,0.0,0.0,0.0,0.0,0.0,0.0,0.0,0.0,0.0,0.0,0.0,0.0,0.0,0.0,0.0,0.0,0.0,0.0,0.0,0.0,0.0,0.0,0.0,0.0,0.0,0.0,0.0,0.0,0.0,0.0,0.0,0.0,0.0,0.0,0.0,0.0,0.0,0.0,0.0,0.0,0.0,0.0,0.0,0.0,0.0,0.0,0.0,0.0,0.0,0.0,0.0,17.52,35.04,52.56,70.08,87.6,88.08,88.56,89.04,89.52,90.0
Sierra Leone,6.3,6.56,6.82,7.08,7.34,7.6,8.36,9.12,9.88,10.64,11.4,11.76,12.12,12.48,12.84,13.2,13.5,13.8,14.1,14.4,14.7,15.04,15.38,15.72,16.06,16.4,16.46,16.52,16.58,16.64,16.7,17.06,17.42,17.78,18.14,18.5,18.54,18.58,18.62,18.66,18.7,19.36,20.02,20.68,21.34,22.0,23.04,24.08,25.12,26.16,27.2,28.24,29.28,30.32,31.36,32.4,33.52,34.64,35.76,36.88,38.0
Singapore,31.7,33.68,35.66,37.64,39.62,41.6,44.48,47.36,50.24,53.12,56.0,58.18,60.36,62.54,64.72,66.9,68.12,69.34,70.56,71.78,73.0,74.64,76.28,77.92,79.56,81.2,82.78,84.36,85.94,87.52,89.1,90.16,91.22,92.28,93.34,94.4,94.92,95.44,95.96,96.48,97.0,97.22,97.44,97.66,97.88,98.1,98.24,98.38,98.52,98.66,98.8,98.9,99.0,99.1,99.2,99.3,99.1,98.9,98.7,98.5,98.3
Slovak Republic,97.8,97.88,97.96,98.04,98.12,98.2,98.28,98.36,98.44,98.52,98.6,98.6,98.6,98.6,98.6,98.6,98.66,98.72,98.78,98.84,98.9,98.94,98.98,99.02,99.06,99.1,99.12,99.14,99.16,99.18,99.2,99.18,99.16,99.14,99.12,99.1,99.1,99.1,99.1,99.1,99.1,99.08,99.06,99.04,99.02,99.0,98.28,97.56,96.84,96.12,95.4,95.72,96.04,96.36,96.68,97.0,97.26,97.52,97.78,98.04,98.3
Slovenia,91.5,91.9,92.3,92.7,93.1,93.5,93.64,93.78,93.92,94.06,94.2,94.3,94.4,94.5,94.6,94.7,94.94,95.18,95.42,95.66,95.9,96.18,96.46,96.74,97.02,97.3,97.56,97.82,98.08,98.34,98.6,98.66,98.72,98.78,98.84,98.9,98.96,99.02,99.08,99.14,99.2,99.22,99.24,99.26,99.28,99.3,99.3,99.3,99.3,99.3,99.3,99.26,99.22,99.18,99.14,99.1,99.02,98.94,98.86,98.78,98.7
Solomon Islands,3.7,4.0,4.3,4.6,4.9,5.2,5.86,6.52,7.18,7.84,8.5,9.16,9.82,10.48,11.14,11.8,12.42,13.04,13.66,14.28,14.9,15.54,16.18,16.82,17.46,18.1,19.56,21.02,22.48,23.94,25.4,26.08,26.76,27.44,28.12,28.8,29.34,29.88,30.42,30.96,31.5,33.28,35.06,36.84,38.62,40.4,41.22,42.04,42.86,43.68,44.5,46.16,47.82,49.48,51.14,52.8,54.4,56.0,57.6,59.2,60.8
Somalia,5.0,5.34,5.68,6.02,6.36,6.7,7.08,7.46,7.84,8.22,8.6,8.7,8.8,8.9,9.0,9.1,9.94,10.78,11.62,12.46,13.3,14.14,14.98,15.82,16.66,17.5,17.86,18.22,18.58,18.94,19.3,18.52,17.74,16.96,16.18,15.4,14.94,14.48,14.02,13.56,13.1,13.38,13.66,13.94,14.22,14.5,15.7,16.9,18.1,19.3,20.5,21.72,22.94,24.16,25.38,26.6,27.94,29.28,30.62,31.96,33.3
South Africa,31.3,31.86,32.42,32.98,33.54,34.1,34.48,34.86,35.24,35.62,36.0,37.0,38.0,39.0,40.0,41.0,42.62,44.24,45.86,47.48,49.1,50.88,52.66,54.44,56.22,58.0,59.96,61.92,63.88,65.84,67.8,69.38,70.96,72.54,74.12,75.7,76.76,77.82,78.88,79.94,81.0,81.62,82.24,82.86,83.48,84.1,83.76,83.42,83.08,82.74,82.4,83.32,84.24,85.16,86.08,87.0,87.9,88.8,89.7,90.6,91.5
South Sudan,0.3,0.32,0.34,0.36,0.38,0.4,0.42,0.44,0.46,0.48,0.5,0.54,0.58,0.62,0.66,0.7,0.8,0.9,1.0,1.1,1.2,1.3,1.4,1.5,1.6,1.7,1.88,2.06,2.24,2.42,2.6,2.88,3.16,3.44,3.72,4.0,4.52,5.04,5.56,6.08,6.6,7.42,8.24,9.06,9.88,10.7,11.86,13.02,14.18,15.34,16.5,17.66,18.82,19.98,21.14,22.3,23.88,25.46,27.04,28.62,30.2
Spain,40.1,42.7,45.3,47.9,50.5,53.1,55.44,57.78,60.12,62.46,64.8,66.78,68.76,70.74,72.72,74.7,76.02,77.34,78.66,79.98,81.3,82.08,82.86,83.64,84.42,85.2,85.84,86.48,87.12,87.76,88.4,88.82,89.24,89.66,90.08,90.5,90.56,90.62,90.68,90.74,90.8,90.38,89.96,89.54,89.12,88.7,88.16,87.62,87.08,86.54,86.0,86.88,87.76,88.64,89.52,90.4,91.18,91.96,92.74,93.52,94.3
Sri Lanka,37.7,39.1,40.5,41.9,43.3,44.7,46.16,47.62,49.08,50.54,52.0,52.66,53.32,53.98,54.64,55.3,56.08,56.86,57.64,58.42,59.2,59.98,60.76,61.54,62.32,63.1,64.64,66.18,67.72,69.26,70.8,72.16,73.52,74.88,76.24,77.6,78.46,79.32,80.18,81.04,81.9,82.4,82.9,83.4,83.9,84.4,84.94,85.48,86.02,86.56,87.1,87.6,88.1,88.6,89.1,89.6,90.1,90.6,91.1,91.6,92.1
Sudan,3.9,4.26,4.62,4.98,5.34,5.7,6.14,6.58,7.02,7.46,7.9,8.44,8.98,9.52,10.06,10.6,11.38,12.16,12.94,13.72,14.5,15.7,16.9,18.1,19.3,20.5,21.26,22.02,22.78,23.54,24.3,24.98,25.66,26.34,27.02,27.7,28.36,29.02,29.68,30.34,31.0,31.5,32.0,32.5,33.0,33.5,34.36,35.22,36.08,36.94,37.8,40.04,42.28,44.52,46.76,49.0,51.18,53.36,55.54,57.72,59.9
Suriname,25.0,26.24,27.48,28.72,29.96,31.2,33.24,35.28,37.32,39.36,41.4,42.94,44.48,46.02,47.56,49.1,50.46,51.82,53.18,54.54,55.9,57.22,58.54,59.86,61.18,62.5,63.74,64.98,66.22,67.46,68.7,69.0,69.3,69.6,69.9,70.2,70.4,70.6,70.8,71.0,71.2,71.64,72.08,72.52,72.96,73.4,74.34,75.28,76.22,77.16,78.1,79.1,80.1,81.1,82.1,83.1,84.06,85.02,85.98,86.94,87.9
Eswatini,6.9,7.92,8.94,9.96,10.98,12.0,13.3,14.6,15.9,17.2,18.5,20.14,21.78,23.42,25.06,26.7,28.36,30.02,31.68,33.34,35.0,35.94,36.88,37.82,38.76,39.7,40.4,41.1,41.8,42.5,43.2,44.24,45.28,46.32,47.36,48.4,48.4,48.4,48.4,48.4,48.4,46.4,44.4,42.4,40.4,38.4,40.84,43.28,45.72,48.16,50.6,53.02,55.44,57.86,60.28,62.7,65.16,67.62,70.08,72.54,75.0
Sweden,61.4,63.44,65.48,67.52,69.56,71.6,73.58,75.56,77.54,79.52,81.5,83.34,85.18,87.02,88.86,90.7,91.8,92.9,94.0,95.1,96.2,96.44,96.68,96.92,97.16,97.4,97.44,97.48,97.52,97.56,97.6,97.58,97.56,97.54,97.52,97.5,97.42,97.34,97.26,97.18,97.1,97.08,97.06,97.04,97.02,97.0,97.12,97.24,97.36,97.48,97.6,97.76,97.92,98.08,98.24,98.4,98.46,98.52,98.58,98.64,98.7
Switzerland,83.6,84.3,85.0,85.7,86.4,87.1,87.56,88.02,88.48,88.94,89.4,89.62,89.84,90.06,90.28,90.5,90.7,90.9,91.1,91.3,91.5,91.66,91.82,91.98,92.14,92.3,92.48,92.66,92.84,93.02,93.2,93.28,93.36,93.44,93.52,93.6,93.78,93.96,94.14,94.32,94.5,94.74,94.98,95.22,95.46,95.7,96.0,96.3,96.6,96.9,97.2,97.14,97.08,97.02,96.96,96.9,96.84,96.78,96.72,96.66,96.6
Syria,8.1,8.86,9.62,10.38,11.14,11.9,12.92,13.94,14.96,15.98,17.0,17.76,18.52,19.28,20.04,20.8,21.9,23.0,24.1,25.2,26.3,27.04,27.78,28.52,29.26,30.0,30.52,31.04,31.56,32.08,32.6,32.76,32.92,33.08,33.24,33.4,33.12,32.84,32.56,32.28,32.0,32.18,32.36,32.54,32.72,32.9,34.82,36.74,38.66,40.58,42.5,44.42,46.34,48.26,50.18,52.1,54.0,55.9,57.8,59.7,61.6
Taiwan,23.1,25.58,28.06,30.54,33.02,35.5,38.08,40.66,43.24,45.82,48.4,51.0,53.6,56.2,58.8,61.4,65.72,70.04,74.36,78.68,83.0,84.98,86.96,88.94,90.92,92.9,93.72,94.54,95.36,96.18,97.0,97.22,97.44,97.66,97.88,98.1,98.16,98.22,98.28,98.34,98.4,98.5,98.6,98.7,98.8,98.9,99.02,99.14,99.26,99.38,99.5,99.54,99.58,99.62,99.66,99.7,99.7,99.7,99.7,99.7,99.7
Tajikistan,74.9,77.18,79.46,81.74,84.02,86.3,87.8,89.3,90.8,92.3,93.8,94.5,95.2,95.9,96.6,97.3,97.52,97.74,97.96,98.18,98.4,98.5,98.6,98.7,98.8,98.9,98.94,98.98,99.02,99.06,99.1,99.12,99.14,99.16,99.18,99.2,99.18,99.16,99.14,99.12,99.1,99.1,99.1,99.1,99.1,99.1,99.16,99.22,99.28,99.34,99.4,99.44,99.48,99.52,99.56,99.6,99.64,99.68,99.72,99.76,99.8
Thailand,10.9,12.12,13.34,14.56,15.78,17.0,17.48,17.96,18.44,18.92,19.4,20.34,21.28,22.22,23.16,24.1,25.72,27.34,28.96,30.58,32.2,33.58,34.96,36.34,37.72,39.1,40.26,41.42,42.58,43.74,44.9,46.86,48.82,50.78,52.74,54.7,57.4,60.1,62.8,65.5,68.2,70.34,72.48,74.62,76.76,78.9,79.4,79.9,80.4,80.9,81.4,82.14,82.88,83.62,84.36,85.1,85.82,86.54,87.26,87.98,88.7
North Macedonia,21.5,24.22,26.94,29.66,32.38,35.1,38.14,41.18,44.22,47.26,50.3,52.98,55.66,58.34,61.02,63.7,65.86,68.02,70.18,72.34,74.5,76.08,77.66,79.24,80.82,82.4,83.3,84.2,85.1,86.0,86.9,87.44,87.98,88.52,89.06,89.6,89.98,90.36,90.74,91.12,91.5,91.82,92.14,92.46,92.78,93.1,93.36,93.62,93.88,94.14,94.4,94.74,95.08,95.42,95.76,96.1,96.38,96.66,96.94,97.22,97.5
Timor-Leste,2.2,2.2,2.2,2.2,2.2,2.2,2.34,2.48,2.62,2.76,2.9,3.92,4.94,5.96,6.98,8.0,8.82,9.64,10.46,11.28,12.1,13.74,15.38,17.02,18.66,20.3,22.72,25.14,27.56,29.98,32.4,34.26,36.12,37.98,39.84,41.7,42.46,43.22,43.98,44.74,45.5,47.32,49.14,50.96,52.78,54.6,56.2,57.8,59.4,61.0,62.6,64.0,65.4,66.8,68.2,69.6,70.98,72.36,73.74,75.12,76.5
Togo,3.7,3.88,4.06,4.24,4.42,4.6,4.82,5.04,5.26,5.48,5.7,6.18,6.66,7.14,7.62,8.1,9.1,10.1,11.1,12.1,13.1,13.86,14.62,15.38,16.14,16.9,16.72,16.54,16.36,16.18,16.0,15.78,15.56,15.34,15.12,14.9,15.24,15.58,15.92,16.26,16.6,17.38,18.16,18.94,19.72,20.5,21.68,22.86,24.04,25.22,26.4,27.24,28.08,28.92,29.76,30.6,31.18,31.76,32.34,32.92,33.5
Tonga,40.3,41.46,42.62,43.78,44.94,46.1,47.28,48.46,49.64,50.82,52.0,53.32,54.64,55.96,57.28,58.6,59.74,60.88,62.02,63.16,64.3,66.14,67.98,69.82,71.66,73.5,76.08,78.66,81.24,83.82,86.4,86.86,87.32,87.78,88.24,88.7,88.9,89.1,89.3,89.5,89.7,89.26,88.82,88.38,87.94,87.5,88.08,88.66,89.24,89.82,90.4,90.96,91.52,92.08,92.64,93.2,93.8,94.4,95.0,95.6,96.2
Trinidad and Tobago,30.6,32.08,33.56,35.04,36.52,38.0,39.44,40.88,42.32,43.76,45.2,46.3,47.4,48.5,49.6,50.7,51.94,53.18,54.42,55.66,56.9,59.16,61.42,63.68,65.94,68.2,70.36,72.52,74.68,76.84,79.0,80.1,81.2,82.3,83.4,84.5,84.86,85.22,85.58,85.94,86.3,86.9,87.5,88.1,88.7,89.3,90.16,91.02,91.88,92.74,93.6,93.88,94.16,94.44,94.72,95.0,95.28,95.56,95.84,96.12,96.4
Tunisia,3.9,4.76,5.62,6.48,7.34,8.2,9.8,11.4,13.0,14.6,16.2,17.84,19.48,21.12,22.76,24.4,24.72,25.04,25.36,25.68,26.0,26.84,27.68,28.52,29.36,30.2,31.72,33.24,34.76,36.28,37.8,39.06,40.32,41.58,42.84,44.1,45.68,47.26,48.84,50.42,52.0,56.52,61.04,65.56,70.08,74.6,77.96,81.32,84.68,88.04,91.4,91.18,90.96,90.74,90.52,90.3,90.06,89.82,89.58,89.34,89.1
Turkey,11.1,12.14,13.18,14.22,15.26,16.3,17.42,18.54,19.66,20.78,21.9,23.24,24.58,25.92,27.26,28.6,30.48,32.36,34.24,36.12,38.0,40.1,42.2,44.3,46.4,48.5,50.48,52.46,54.44,56.42,58.4,59.5,60.6,61.7,62.8,63.9,64.8,65.7,66.6,67.5,68.4,69.54,70.68,71.82,72.96,74.1,76.8,79.5,82.2,84.9,87.6,88.64,89.68,90.72,91.76,92.8,92.92,93.04,93.16,93.28,93.4
Turkmenistan,82.2,83.72,85.24,86.76,88.28,89.8,90.88,91.96,93.04,94.12,95.2,95.56,95.92,96.28,96.64,97.0,97.22,97.44,97.66,97.88,98.1,98.2,98.3,98.4,98.5,98.6,98.66,98.72,98.78,98.84,98.9,98.9,98.9,98.9,98.9,98.9,98.92,98.94,98.96,98.98,99.0,99.08,99.16,99.24,99.32,99.4,99.4,99.4,99.4,99.4,99.4,99.44,99.48,99.52,99.56,99.6,99.64,99.68,99.72,99.76,99.8
Uganda,8.2,8.64,9.08,9.52,9.96,10.4,10.52,10.64,10.76,10.88,11.0,11.04,11.08,11.12,11.16,11.2,11.34,11.48,11.62,11.76,11.9,12.1,12.3,12.5,12.7,12.9,13.16,13.42,13.68,13.94,14.2,14.34,14.48,14.62,14.76,14.9,14.18,13.46,12.74,12.02,11.3,12.38,13.46,14.54,15.62,16.7,17.82,18.94,20.06,21.18,22.3,23.4,24.5,25.6,26.7,27.8,28.94,30.08,31.22,32.36,33.5
Ukraine,78.9,81.34,83.78,86.22,88.66,91.1,92.46,93.82,95.18,96.54,97.9,98.18,98.46,98.74,99.02,99.3,99.28,99.26,99.24,99.22,99.2,99.3,99.4,99.5,99.6,99.7,99.68,99.66,99.64,99.62,99.6,99.58,99.56,99.54,99.52,99.5,99.44,99.38,99.32,99.26,99.2,99.22,99.24,99.26,99.28,99.3,99.34,99.38,99.42,99.46,99.5,99.52,99.54,99.56,99.58,99.6,99.56,99.52,99.48,99.44,99.4
United Arab Emirates,25.4,29.6,33.8,38.0,42.2,46.4,48.7,51.0,53.3,55.6,57.9,58.58,59.26,59.94,60.62,61.3,61.42,61.54,61.66,61.78,61.9,62.22,62.54,62.86,63.18,63.5,63.74,63.98,64.22,64.46,64.7,64.86,65.02,65.18,65.34,65.5,65.58,65.66,65.74,65.82,65.9,66.74,67.58,68.42,69.26,70.1,73.26,76.42,79.58,82.74,85.9,86.18,86.46,86.74,87.02,87.3,87.42,87.54,87.66,87.78,87.9
United Kingdom,100.1,100.08,100.06,100.04,100.02,100.0,100.0,100.0,100.0,100.0,100.0,100.0,100.0,100.0,100.0,100.0,99.98,99.96,99.94,99.92,99.9,99.9,99.9,99.9,99.9,99.9,99.92,99.94,99.96,99.98,100.0,100.0,100.0,100.0,100.0,100.0,100.0,100.0,100.0,100.0,100.0,100.0,100.0,100.0,100.0,100.0,100.0,100.0,100.0,100.0,100.0,100.02,100.04,100.06,100.08,100.1,99.96,99.82,99.68,99.54,99.4
Tanzania,3.0,3.38,3.76,4.14,4.52,4.9,5.32,5.74,6.16,6.58,7.0,7.34,7.68,8.02,8.36,8.7,8.76,8.82,8.88,8.94,9.0,9.1,9.2,9.3,9.4,9.5,9.66,9.82,9.98,10.14,10.3,10.56,10.82,11.08,11.34,11.6,12.2,12.8,13.4,14.0,14.6,15.76,16.92,18.08,19.24,20.4,20.16,19.92,19.68,19.44,19.2,20.2,21.2,22.2,23.2,24.2,25.22,26.24,27.26,28.28,29.3
United States,89.7,90.22,90.74,91.26,91.78,92.3,92.64,92.98,93.32,93.66,94.0,94.14,94.28,94.42,94.56,94.7,94.78,94.86,94.94,95.02,95.1,95.12,95.14,95.16,95.18,95.2,95.18,95.16,95.14,95.12,95.1,95.08,95.06,95.04,95.02,95.0,95.04,95.08,95.12,95.16,95.2,95.46,95.72,95.98,96.24,96.5,96.6,96.7,96.8,96.9,97.0,97.06,97.12,97.18,97.24,97.3,97.3,97.3,97.3,97.3,97.3
Virgin Islands (U.S.),0.0,0.0,0.0,0.0,0.0,0.0,0.0,0.0,0.0,0.0,0.0,0.0,0.0,0.0,0.0,0.0,0.0,0.0,0.0,0.0,0.0,0.0,0.0,0.0,0.0,0.0,0.0,0.0,0.0,0.0,0.0,0.0,0.0,0.0,0.0,0.0,0.0,0.0,0.0,0.0,0.0,0.0,0.0,0.0,0.0,0.0,0.0,0.0,0.0,0.0,0.0,16.48,32.96,49.44,65.92,82.4,83.24,84.08,84.92,85.76,86.6
Uruguay,32.1,33.42,34.74,36.06,37.38,38.7,40.1,41.5,42.9,44.3,45.7,47.12,48.54,49.96,51.38,52.8,53.52,54.24,54.96,55.68,56.4,56.7,57.0,57.3,57.6,57.9,58.74,59.58,60.42,61.26,62.1,62.64,63.18,63.72,64.26,64.8,64.86,64.92,64.98,65.04,65.1,65.62,66.14,66.66,67.18,67.7,67.3,66.9,66.5,66.1,65.7,67.0,68.3,69.6,70.9,72.2,73.52,74.84,76.16,77.48,78.8
Uzbekistan,0.0,0.0,0.0,0.0,0.0,0.0,0.0,0.0,0.0,0.0,0.0,0.0,0.0,0.0,0.0,0.0,0.0,0.0,0.0,0.0,0.0,0.0,0.0,0.0,0.0,0.0,0.0,0.0,0.0,0.0,0.0,0.0,0.0,0.0,0.0,0.0,0.0,0.0,0.0,0.0,0.0,0.0,0.0,0.0,0.0,0.0,0.0,0.0,0.0,0.0,0.0,19.62,39.24,58.86,78.48,98.1,98.28,98.46,98.64,98.82,99.0
Vanuatu,9.0,9.36,9.72,10.08,10.44,10.8,11.5,12.2,12.9,13.6,14.3,15.14,15.98,16.82,17.66,18.5,19.12,19.74,20.36,20.98,21.6,22.08,22.56,23.04,23.52,24.0,24.68,25.36,26.04,26.72,27.4,28.04,28.68,29.32,29.96,30.6,31.26,31.92,32.58,33.24,33.9,34.76,35.62,36.48,37.34,38.2,38.68,39.16,39.64,40.12,40.6,42.42,44.24,46.06,47.88,49.7,51.54,53.38,55.22,57.06,58.9
Venezuela,29.9,31.6,33.3,35.0,36.7,38.4,39.98,41.56,43.14,44.72,46.3,47.78,49.26,50.74,52.22,53.7,54.96,56.22,57.48,58.74,60.0,61.18,62.36,63.54,64.72,65.9,66.92,67.94,68.96,69.98,71.0,71.76,72.52,73.28,74.04,74.8,75.6,76.4,77.2,78.0,78.8,79.58,80.36,81.14,81.92,82.7,83.32,83.94,84.56,85.18,85.8,86.32,86.84,87.36,87.88,88.4,88.9,89.4,89.9,90.4,90.9
Vietnam,17.1,18.82,20.54,22.26,23.98,25.7,27.7,29.7,31.7,33.7,35.7,37.22,38.74,40.26,41.78,43.3,44.46,45.62,46.78,47.94,49.1,49.72,50.34,50.96,51.58,52.2,52.06,51.92,51.78,51.64,51.5,51.3,51.1,50.9,50.7,50.5,50.08,49.66,49.24,48.82,48.4,49.66,50.92,52.18,53.44,54.7,56.72,58.74,60.76,62.78,64.8,66.68,68.56,70.44,72.32,74.2,74.88,75.56,76.24,76.92,77.6
Western Sahara,0.0,0.0,0.0,0.0,0.0,0.0,0.0,0.0,0.0,0.0,0.0,0.0,0.0,0.0,0.0,0.0,0.0,0.0,0.0,0.0,0.0,0.0,0.0,0.0,0.0,0.0,0.0,0.0,0.0,0.0,0.0,0.0,0.0,0.0,0.0,0.0,0.0,0.0,0.0,0.0,0.0,0.0,0.0,0.0,0.0,0.0,0.0,0.0,0.0,0.0,0.0,5.68,11.36,17.04,22.72,28.4,29.86,31.32,32.78,34.24,35.7
World,35.9,36.68,37.46,38.24,39.02,39.8,40.94,42.08,43.22,44.36,45.5,46.42,47.34,48.26,49.18,50.1,51.16,52.22,53.28,54.34,55.4,56.22,57.04,57.86,58.68,59.5,59.9,60.3,60.7,61.1,61.5,61.94,62.38,62.82,63.26,63.7,64.02,64.34,64.66,64.98,65.3,65.96,66.62,67.28,67.94,68.6,69.32,70.04,70.76,71.48,72.2,72.62,73.04,73.46,73.88,74.3,74.62,74.94,75.26,75.58,75.9
Yemen,0.0,0.0,0.0,0.0,0.0,0.0,0.0,0.0,0.0,0.0,0.0,0.0,0.0,0.0,0.0,0.0,0.0,0.0,0.0,0.0,0.0,0.0,0.0,0.0,0.0,0.0,0.04,0.08,0.12,0.16,0.2,0.44,0.68,0.92,1.16,1.4,1.96,2.52,3.08,3.64,4.2,4.86,5.52,6.18,6.84,7.5,9.02,10.54,12.06,13.58,15.1,18.82,22.54,26.26,29.98,33.7,35.2,36.7,38.2,39.7,41.2
Zambia,19.2,20.04,20.88,21.72,22.56,23.4,24.28,25.16,26.04,26.92,27.8,28.42,29.04,29.66,30.28,30.9,31.28,31.66,32.04,32.42,32.8,33.04,33.28,33.52,33.76,34.0,34.46,34.92,35.38,35.84,36.3,36.8,37.3,37.8,38.3,38.8,39.26,39.72,40.18,40.64,41.1,41.64,42.18,42.72,43.26,43.8,44.28,44.76,45.24,45.72,46.2,47.48,48.76,50.04,51.32,52.6,53.92,55.24,56.56,57.88,59.2
Zimbabwe,28.8,29.3,29.8,30.3,30.8,31.3,31.72,32.14,32.56,32.98,33.4,34.48,35.56,36.64,37.72,38.8,41.12,43.44,45.76,48.08,50.4,53.2,56.0,58.8,61.6,64.4,65.52,66.64,67.76,68.88,70.0,70.26,70.52,70.78,71.04,71.3,71.74,72.18,72.62,73.06,73.5,73.5,73.5,73.5,73.5,73.5,72.38,71.26,70.14,69.02,67.9,69.46,71.02,72.58,74.14,75.7,77.3,78.9,80.5,82.1,83.7
