Country,1960,1961,1962,1963,1964,1965,1966,1967,1968,1969,1970,1971,1972,1973,1974,1975,1976,1977,1978,1979,1980,1981,1982,1983,1984,1985,1986,1987,1988,1989,1990,1991,1992,1993,1994,1995,1996,1997,1998,1999,2000,2001,2002,2003,2004,2005,2006,2007,2008,2009,2010,2011,2012,2013,2014,2015
Afghanistan,0.0,0.0,0.0,0.0,0.0,0.0,0.02,0.04,0.06,0.08,0.1,0.12,0.14,0.16,0.18,0.2,0.22,0.24,0.26,0.28,0.3,0.32,0.34,0.36,0.38,0.4,0.42,0.44,0.46,0.48,0.5,0.52,0.54,0.56,0.58,0.6,0.68,0.76,0.84,0.92,1.0,1.14,1.28,1.42,1.56,1.7,2.06,2.42,2.78,3.14,3.5,3.7,3.9,4.1,4.3,4.5
Albania,1.1,1.28,1.46,1.64,1.82,2.0,2.28,2.56,2.84,3.12,3.4,3.76,4.12,4.48,4.84,5.2,5.56,5.92,6.28,6.64,7.0,7.36,7.72,8.08,8.44,8.8,9.1,9.4,9.7,10.0,10.3,10.74,11.18,11.62,12.06,12.5,12.84,13.18,13.52,13.86,14.2,15.0,15.8,16.6,17.4,18.2,19.14,20.08,21.02,21.96,22.9,23.02,23.14,23.26,23.38,23.5
Algeria,0.0,0.02,0.04,0.06,0.08,0.1,0.14,0.18,0.22,0.26,0.3,0.4,0.5,0.6,0.7,0.8,0.98,1.16,1.34,1.52,1.7,2.04,2.38,2.72,3.06,3.4,3.88,4.36,4.84,5.32,5.8,6.3,6.8,7.3,7.8,8.3,8.96,9.62,10.28,10.94,11.6,12.18,12.76,13.34,13.92,14.5,15.08,15.66,16.24,16.82,17.4,17.98,18.56,19.14,19.72,20.3
Angola,0.0,0.0,0.0,0.0,0.0,0.0,0.0,0.0,0.0,0.0,0.0,0.0,0.0,0.0,0.0,0.0,0.0,0.0,0.0,0.0,0.0,0.0,0.0,0.0,0.0,0.0,0.0,0.0,0.0,0.0,0.0,0.02,0.04,0.06,0.08,0.1,0.1,0.1,0.1,0.1,0.1,0.1,0.1,0.1,0.1,0.1,0.12,0.14,0.16,0.18,0.2,0.24,0.28,0.32,0.36,0.4
Antigua and Barbuda,0.0,0.0,0.0,0.0,0.0,0.0,0.0,0.0,0.0,0.0,0.0,0.0,0.0,0.0,0.0,0.0,0.0,0.0,0.0,0.0,0.0,0.0,0.0,0.0,0.0,0.0,0.0,0.0,0.0,0.0,0.0,0.0,0.0,0.0,0.0,0.0,0.0,0.0,0.0,0.0,0.0,0.0,0.0,0.0,0.0,0.0,0.0,0.0,0.0,0.0,0.0,5.24,10.48,15.72,20.96,26.2
Argentina,0.7,0.82,0.94,1.06,1.18,1.3,1.5,1.7,1.9,2.1,2.3,2.54,2.78,3.02,3.26,3.5,3.78,4.06,4.34,4.62,4.9,5.28,5.66,6.04,6.42,6.8,7.3,7.8,8.3,8.8,9.3,9.86,10.42,10.98,11.54,12.1,12.66,13.22,13.78,14.34,14.9,15.64,16.38,17.12,17.86,18.6,19.3,20.0,20.7,21.4,22.1,22.6,23.1,23.6,24.1,24.6
Armenia,4.9,5.4,5.9,6.4,6.9,7.4,7.96,8.52,9.08,9.64,10.2,10.68,11.16,11.64,12.12,12.6,13.16,13.72,14.28,14.84,15.4,16.2,17.0,17.8,18.6,19.4,20.08,20.76,21.44,22.12,22.8,23.28,23.76,24.24,24.72,25.2,25.58,25.96,26.34,26.72,27.1,27.44,27.78,28.12,28.46,28.8,28.96,29.12,29.28,29.44,29.6,30.2,30.8,31.4,32.0,32.6
Aruba,0.8,1.02,1.24,1.46,1.68,1.9,2.18,2.46,2.74,3.02,3.3,3.72,4.14,4.56,4.98,5.4,5.98,6.56,7.14,7.72,8.3,9.22,10.14,11.06,11.98,12.9,14.06,15.22,16.38,17.54,18.7,19.46,20.22,20.98,21.74,22.5,23.08,23.66,24.24,24.82,25.4,25.82,26.24,26.66,27.08,27.5,27.66,27.82,27.98,28.14,28.3,29.26,30.22,31.18,32.14,33.1
Australia,7.0,7.62,8.24,8.86,9.48,10.1,10.88,11.66,12.44,13.22,14.0,14.86,15.72,16.58,17.44,18.3,19.2,20.1,21.0,21.9,22.8,23.68,24.56,25.44,26.32,27.2,28.18,29.16,30.14,31.12,32.1,33.0,33.9,34.8,35.7,36.6,37.12,37.64,38.16,38.68,39.2,39.48,39.76,40.04,40.32,40.6,40.98,41.36,41.74,42.12,42.5,43.76,45.02,46.28,47.54,48.8
Austria,5.7,5.88,6.06,6.24,6.42,6.6,6.9,7.2,7.5,7.8,8.1,8.7,9.3,9.9,10.5,11.1,11.98,12.86,13.74,14.62,15.5,16.54,17.58,18.62,19.66,20.7,21.4,22.1,22.8,23.5,24.2,24.68,25.16,25.64,26.12,26.6,27.26,27.92,28.58,29.24,29.9,30.46,31.02,31.58,32.14,32.7,33.26,33.82,34.38,34.94,35.5,36.02,36.54,37.06,37.58,38.1
Azerbaijan,1.5,1.66,1.82,1.98,2.14,2.3,2.52,2.74,2.96,3.18,3.4,3.64,3.88,4.12,4.36,4.6,4.8,5.0,5.2,5.4,5.6,5.88,6.16,6.44,6.72,7.0,7.42,7.84,8.26,8.68,9.1,9.6,10.1,10.6,11.1,11.6,11.88,12.16,12.44,12.72,13.0,13.42,13.84,14.26,14.68,15.1,15.48,15.86,16.24,16.62,17.0,17.34,17.68,18.02,18.36,18.7
Bahamas,3.7,4.04,4.38,4.72,5.06,5.4,5.92,6.44,6.96,7.48,8.0,8.9,9.8,10.7,11.6,12.5,13.72,14.94,16.16,17.38,18.6,19.9,21.2,22.5,23.8,25.1,26.28,27.46,28.64,29.82,31.0,31.5,32.0,32.5,33.0,33.5,33.54,33.58,33.62,33.66,33.7,33.36,33.02,32.68,32.34,32.0,31.94,31.88,31.82,31.76,31.7,32.52,33.34,34.16,34.98,35.8
Bahrain,0.2,0.52,0.84,1.16,1.48,1.8,2.32,2.84,3.36,3.88,4.4,4.68,4.96,5.24,5.52,5.8,6.12,6.44,6.76,7.08,7.4,7.72,8.04,8.36,8.68,9.0,9.38,9.76,10.14,10.52,10.9,11.3,11.7,12.1,12.5,12.9,13.3,13.7,14.1,14.5,14.9,15.24,15.58,15.92,16.26,16.6,16.94,17.28,17.62,17.96,18.3,18.96,19.62,20.28,20.94,21.6
Bangladesh,0.0,0.02,0.04,0.06,0.08,0.1,0.1,0.1,0.1,0.1,0.1,0.12,0.14,0.16,0.18,0.2,0.22,0.24,0.26,0.28,0.3,0.34,0.38,0.42,0.46,0.5,0.56,0.62,0.68,0.74,0.8,0.86,0.92,0.98,1.04,1.1,1.22,1.34,1.46,1.58,1.7,1.92,2.14,2.36,2.58,2.8,3.18,3.56,3.94,4.32,4.7,5.1,5.5,5.9,6.3,6.7
Barbados,0.0,0.0,0.0,0.0,0.0,0.0,0.0,0.0,0.0,0.0,0.0,0.0,0.0,0.0,0.0,0.0,0.0,0.0,0.0,0.0,0.0,0.0,0.0,0.0,0.0,0.0,0.0,0.0,0.0,0.0,0.0,0.0,0.0,0.0,0.0,0.0,0.0,0.0,0.0,0.0,0.0,0.0,0.0,0.0,0.0,0.0,0.0,0.0,0.0,0.0,0.0,5.22,10.44,15.66,20.88,26.1
Belarus,4.3,5.2,6.1,7.0,7.9,8.8,9.68,10.56,11.44,12.32,13.2,14.12,15.04,15.96,16.88,17.8,18.3,18.8,19.3,19.8,20.3,20.48,20.66,20.84,21.02,21.2,21.22,21.24,21.26,21.28,21.3,21.46,21.62,21.78,21.94,22.1,22.48,22.86,23.24,23.62,24.0,24.96,25.92,26.88,27.84,28.8,29.16,29.52,29.88,30.24,30.6,31.0,31.4,31.8,32.2,32.6
Belgium,4.2,4.48,4.76,5.04,5.32,5.6,6.02,6.44,6.86,7.28,7.7,8.26,8.82,9.38,9.94,10.5,11.34,12.18,13.02,13.86,14.7,15.68,16.66,17.64,18.62,19.6,20.46,21.32,22.18,23.04,23.9,24.54,25.18,25.82,26.46,27.1,27.54,27.98,28.42,28.86,29.3,29.62,29.94,30.26,30.58,30.9,31.16,31.42,31.68,31.94,32.2,33.34,34.48,35.62,36.76,37.9
Belize,0.1,0.16,0.22,0.28,0.34,0.4,0.48,0.56,0.64,0.72,0.8,0.96,1.12,1.28,1.44,1.6,1.76,1.92,2.08,2.24,2.4,2.64,2.88,3.12,3.36,3.6,3.96,4.32,4.68,5.04,5.4,5.84,6.28,6.72,7.16,7.6,8.08,8.56,9.04,9.52,10.0,10.62,11.24,11.86,12.48,13.1,14.06,15.02,15.98,16.94,17.9,18.38,18.86,19.34,19.82,20.3
Benin,0.0,0.0,0.0,0.0,0.0,0.0,0.0,0.0,0.0,0.0,0.0,0.02,0.04,0.06,0.08,0.1,0.14,0.18,0.22,0.26,0.3,0.36,0.42,0.48,0.54,0.6,0.62,0.64,0.66,0.68,0.7,0.66,0.62,0.58,0.54,0.5,0.54,0.58,0.62,0.66,0.7,0.9,1.1,1.3,1.5,1.7,2.12,2.54,2.96,3.38,3.8,3.88,3.96,4.04,4.12,4.2
Bhutan,0.0,0.0,0.0,0.0,0.0,0.0,0.0,0.0,0.0,0.0,0.0,0.0,0.0,0.0,0.0,0.0,0.02,0.04,0.06,0.08,0.1,0.16,0.22,0.28,0.34,0.4,0.48,0.56,0.64,0.72,0.8,0.94,1.08,1.22,1.36,1.5,1.84,2.18,2.52,2.86,3.2,4.04,4.88,5.72,6.56,7.4,7.78,8.16,8.54,8.92,9.3,9.62,9.94,10.26,10.58,10.9
Bolivia,0.4,0.46,0.52,0.58,0.64,0.7,0.78,0.86,0.94,1.02,1.1,1.24,1.38,1.52,1.66,1.8,2.04,2.28,2.52,2.76,3.0,3.32,3.64,3.96,4.28,4.6,4.98,5.36,5.74,6.12,6.5,7.0,7.5,8.0,8.5,9.0,9.62,10.24,10.86,11.48,12.1,12.86,13.62,14.38,15.14,15.9,16.7,17.5,18.3,19.1,19.9,20.56,21.22,21.88,22.54,23.2
Bosnia and Herzegovina,1.0,1.14,1.28,1.42,1.56,1.7,1.86,2.02,2.18,2.34,2.5,2.74,2.98,3.22,3.46,3.7,3.98,4.26,4.54,4.82,5.1,5.46,5.82,6.18,6.54,6.9,7.34,7.78,8.22,8.66,9.1,9.48,9.86,10.24,10.62,11.0,11.1,11.2,11.3,11.4,11.5,12.14,12.78,13.42,14.06,14.7,15.8,16.9,18.0,19.1,20.2,20.98,21.76,22.54,23.32,24.1
Botswana,0.0,0.0,0.0,0.0,0.0,0.0,0.02,0.04,0.06,0.08,0.1,0.14,0.18,0.22,0.26,0.3,0.42,0.54,0.66,0.78,0.9,1.16,1.42,1.68,1.94,2.2,2.6,3.0,3.4,3.8,4.2,4.76,5.32,5.88,6.44,7.0,7.78,8.56,9.34,10.12,10.9,12.02,13.14,14.26,15.38,16.5,17.0,17.5,18.0,18.5,19.0,19.74,20.48,21.22,21.96,22.7
Brazil,0.2,0.22,0.24,0.26,0.28,0.3,0.36,0.42,0.48,0.54,0.6,0.72,0.84,0.96,1.08,1.2,1.38,1.56,1.74,1.92,2.1,2.36,2.62,2.88,3.14,3.4,3.72,4.04,4.36,4.68,5.0,5.32,5.64,5.96,6.28,6.6,6.98,7.36,7.74,8.12,8.5,8.94,9.38,9.82,10.26,10.7,11.06,11.42,11.78,12.14,12.5,12.94,13.38,13.82,14.26,14.7
Brunei,0.0,0.0,0.0,0.0,0.0,0.0,0.0,0.0,0.0,0.0,0.0,0.0,0.0,0.0,0.0,0.0,0.0,0.0,0.0,0.0,0.0,0.0,0.0,0.0,0.0,0.0,0.0,0.0,0.0,0.0,0.0,0.0,0.0,0.0,0.0,0.0,0.0,0.0,0.0,0.0,0.0,0.0,0.0,0.0,0.0,0.0,0.0,0.0,0.0,0.0,0.0,2.74,5.48,8.22,10.96,13.7
Bulgaria,7.7,8.42,9.14,9.86,10.58,11.3,12.06,12.82,13.58,14.34,15.1,15.88,16.66,17.44,18.22,19.0,19.68,20.36,21.04,21.72,22.4,22.82,23.24,23.66,24.08,24.5,24.9,25.3,25.7,26.1,26.5,26.88,27.26,27.64,28.02,28.4,28.34,28.28,28.22,28.16,28.1,27.9,27.7,27.5,27.3,27.1,27.0,26.9,26.8,26.7,26.6,27.52,28.44,29.36,30.28,31.2
Burkina Faso,0.0,0.0,0.0,0.0,0.0,0.0,0.0,0.0,0.0,0.0,0.0,0.0,0.0,0.0,0.0,0.0,0.02,0.04,0.06,0.08,0.1,0.12,0.14,0.16,0.18,0.2,0.26,0.32,0.38,0.44,0.5,0.62,0.74,0.86,0.98,1.1,1.18,1.26,1.34,1.42,1.5,1.38,1.26,1.14,1.02,0.9,1.02,1.14,1.26,1.38,1.5,1.62,1.74,1.86,1.98,2.1
Burundi,0.0,0.0,0.0,0.0,0.0,0.0,0.0,0.0,0.0,0.0,0.0,0.0,0.0,0.0,0.0,0.0,0.0,0.0,0.0,0.0,0.0,0.0,0.0,0.0,0.0,0.0,0.02,0.04,0.06,0.08,0.1,0.12,0.14,0.16,0.18,0.2,0.28,0.36,0.44,0.52,0.6,0.78,0.96,1.14,1.32,1.5,1.56,1.62,1.68,1.74,1.8,2.0,2.2,2.4,2.6,2.8
Cambodia,0.0,0.0,0.0,0.0,0.0,0.0,0.0,0.0,0.0,0.0,0.0,0.0,0.0,0.0,0.0,0.0,0.0,0.0,0.0,0.0,0.0,0.02,0.04,0.06,0.08,0.1,0.1,0.1,0.1,0.1,0.1,0.16,0.22,0.28,0.34,0.4,0.58,0.76,0.94,1.12,1.3,1.44,1.58,1.72,1.86,2.0,2.2,2.4,2.6,2.8,3.0,3.2,3.4,3.6,3.8,4.0
Cameroon,0.0,0.02,0.04,0.06,0.08,0.1,0.1,0.1,0.1,0.1,0.1,0.16,0.22,0.28,0.34,0.4,0.48,0.56,0.64,0.72,0.8,0.94,1.08,1.22,1.36,1.5,1.74,1.98,2.22,2.46,2.7,3.12,3.54,3.96,4.38,4.8,5.1,5.4,5.7,6.0,6.3,6.94,7.58,8.22,8.86,9.5,9.78,10.06,10.34,10.62,10.9,11.2,11.5,11.8,12.1,12.4
Canada,19.9,21.1,22.3,23.5,24.7,25.9,27.2,28.5,29.8,31.1,32.4,33.58,34.76,35.94,37.12,38.3,39.36,40.42,41.48,42.54,43.6,44.58,45.56,46.54,47.52,48.5,49.28,50.06,50.84,51.62,52.4,52.86,53.32,53.78,54.24,54.7,55.1,55.5,55.9,56.3,56.7,57.28,57.86,58.44,59.02,59.6,60.22,60.84,61.46,62.08,62.7,63.68,64.66,65.64,66.62,67.6
Cape Verde,0.0,0.02,0.04,0.06,0.08,0.1,0.12,0.14,0.16,0.18,0.2,0.26,0.32,0.38,0.44,0.5,0.54,0.58,0.62,0.66,0.7,0.74,0.78,0.82,0.86,0.9,0.98,1.06,1.14,1.22,1.3,1.4,1.5,1.6,1.7,1.8,2.12,2.44,2.76,3.08,3.4,3.66,3.92,4.18,4.44,4.7,4.92,5.14,5.36,5.58,5.8,6.02,6.24,6.46,6.68,6.9
Central African Republic,0.0,0.0,0.0,0.0,0.0,0.0,0.0,0.0,0.0,0.0,0.0,0.0,0.0,0.0,0.0,0.0,0.02,0.04,0.06,0.08,0.1,0.24,0.38,0.52,0.66,0.8,0.8,0.8,0.8,0.8,0.8,0.8,0.8,0.8,0.8,0.8,0.9,1.0,1.1,1.2,1.3,1.42,1.54,1.66,1.78,1.9,2.0,2.1,2.2,2.3,2.4,2.52,2.64,2.76,2.88,3.0
Chad,0.0,0.0,0.0,0.0,0.0,0.0,0.0,0.0,0.0,0.0,0.0,0.02,0.04,0.06,0.08,0.1,0.12,0.14,0.16,0.18,0.2,0.22,0.24,0.26,0.28,0.3,0.28,0.26,0.24,0.22,0.2,0.2,0.2,0.2,0.2,0.2,0.24,0.28,0.32,0.36,0.4,0.5,0.6,0.7,0.8,0.9,1.08,1.26,1.44,1.62,1.8,2.02,2.24,2.46,2.68,2.9
Channel Islands,0.0,0.0,0.0,0.0,0.0,0.0,0.0,0.0,0.0,0.0,0.0,0.0,0.0,0.0,0.0,0.0,0.0,0.0,0.0,0.0,0.0,0.0,0.0,0.0,0.0,0.0,0.0,0.0,0.0,0.0,0.0,0.0,0.0,0.0,0.0,0.0,0.0,0.0,0.0,0.0,0.0,0.0,0.0,0.0,0.0,0.0,0.0,0.0,0.0,0.0,0.0,9.1,18.2,27.3,36.4,45.5
Chile,1.3,1.44,1.58,1.72,1.86,2.0,2.22,2.44,2.66,2.88,3.1,3.44,3.78,4.12,4.46,4.8,5.2,5.6,6.0,6.4,6.8,7.28,7.76,8.24,8.72,9.2,9.68,10.16,10.64,11.12,11.6,12.02,12.44,12.86,13.28,13.7,14.02,14.34,14.66,14.98,15.3,15.8,16.3,16.8,17.3,17.8,18.3,18.8,19.3,19.8,20.3,20.8,21.3,21.8,22.3,22.8
China,0.2,0.24,0.28,0.32,0.36,0.4,0.48,0.56,0.64,0.72,0.8,0.94,1.08,1.22,1.36,1.5,1.78,2.06,2.34,2.62,2.9,3.32,3.74,4.16,4.58,5.0,5.36,5.72,6.08,6.44,6.8,7.0,7.2,7.4,7.6,7.8,8.36,8.92,9.48,10.04,10.6,11.52,12.44,13.36,14.28,15.2,16.4,17.6,18.8,20.0,21.2,21.76,22.32,22.88,23.44,24.0
Colombia,0.1,0.12,0.14,0.16,0.18,0.2,0.28,0.36,0.44,0.52,0.6,0.76,0.92,1.08,1.24,1.4,1.68,1.96,2.24,2.52,2.8,3.24,3.68,4.12,4.56,5.0,5.6,6.2,6.8,7.4,8.0,8.74,9.48,10.22,10.96,11.7,12.64,13.58,14.52,15.46,16.4,17.28,18.16,19.04,19.92,20.8,21.24,21.68,22.12,22.56,23.0,23.44,23.88,24.32,24.76,25.2
Comoros,0.0,0.0,0.0,0.0,0.0,0.0,0.02,0.04,0.06,0.08,0.1,0.16,0.22,0.28,0.34,0.4,0.5,0.6,0.7,0.8,0.9,1.04,1.18,1.32,1.46,1.6,1.78,1.96,2.14,2.32,2.5,2.72,2.94,3.16,3.38,3.6,4.0,4.4,4.8,5.2,5.6,6.3,7.0,7.7,8.4,9.1,9.74,10.38,11.02,11.66,12.3,13.22,14.14,15.06,15.98,16.9
Congo,0.0,0.04,0.08,0.12,0.16,0.2,0.32,0.44,0.56,0.68,0.8,1.1,1.4,1.7,2.0,2.3,2.82,3.34,3.86,4.38,4.9,5.32,5.74,6.16,6.58,7.0,7.14,7.28,7.42,7.56,7.7,7.64,7.58,7.52,7.46,7.4,7.4,7.4,7.4,7.4,7.4,7.28,7.16,7.04,6.92,6.8,6.76,6.72,6.68,6.64,6.6,6.92,7.24,7.56,7.88,8.2
Costa Rica,0.9,1.12,1.34,1.56,1.78,2.0,2.38,2.76,3.14,3.52,3.9,4.38,4.86,5.34,5.82,6.3,6.86,7.42,7.98,8.54,9.1,9.52,9.94,10.36,10.78,11.2,11.36,11.52,11.68,11.84,12.0,12.08,12.16,12.24,12.32,12.4,12.7,13.0,13.3,13.6,13.9,14.54,15.18,15.82,16.46,17.1,18.02,18.94,19.86,20.78,21.7,22.36,23.02,23.68,24.34,25.0
Cote d'Ivoire,0.0,0.02,0.04,0.06,0.08,0.1,0.12,0.14,0.16,0.18,0.2,0.2,0.2,0.2,0.2,0.2,0.22,0.24,0.26,0.28,0.3,0.34,0.38,0.42,0.46,0.5,0.58,0.66,0.74,0.82,0.9,1.02,1.14,1.26,1.38,1.5,1.66,1.82,1.98,2.14,2.3,2.56,2.82,3.08,3.34,3.6,3.98,4.36,4.74,5.12,5.5,5.9,6.3,6.7,7.1,7.5
Croatia,7.5,7.8,8.1,8.4,8.7,9.0,9.3,9.6,9.9,10.2,10.5,10.74,10.98,11.22,11.46,11.7,12.08,12.46,12.84,13.22,13.6,14.12,14.64,15.16,15.68,16.2,16.5,16.8,17.1,17.4,17.7,18.06,18.42,18.78,19.14,19.5,20.14,20.78,21.42,22.06,22.7,22.5,22.3,22.1,21.9,21.7,21.84,21.98,22.12,22.26,22.4,23.28,24.16,25.04,25.92,26.8
Cuba,0.4,0.46,0.52,0.58,0.64,0.7,0.8,0.9,1.0,1.1,1.2,1.3,1.4,1.5,1.6,1.7,1.88,2.06,2.24,2.42,2.6,2.86,3.12,3.38,3.64,3.9,4.18,4.46,4.74,5.02,5.3,5.5,5.7,5.9,6.1,6.3,6.3,6.3,6.3,6.3,6.3,6.82,7.34,7.86,8.38,8.9,9.42,9.94,10.46,10.98,11.5,12.02,12.54,13.06,13.58,14.1
Cura√ßao,1.1,1.28,1.46,1.64,1.82,2.0,2.22,2.44,2.66,2.88,3.1,3.42,3.74,4.06,4.38,4.7,5.12,5.54,5.96,6.38,6.8,7.18,7.56,7.94,8.32,8.7,9.16,9.62,10.08,10.54,11.0,11.46,11.92,12.38,12.84,13.3,13.54,13.78,14.02,14.26,14.5,14.64,14.78,14.92,15.06,15.2,15.3,15.4,15.5,15.6,15.7,16.76,17.82,18.88,19.94,21.0
Cyprus,1.9,2.32,2.74,3.16,3.58,4.0,4.68,5.36,6.04,6.72,7.4,8.42,9.44,10.46,11.48,12.5,13.78,15.06,16.34,17.62,18.9,20.32,21.74,23.16,24.58,26.0,27.4,28.8,30.2,31.6,33.0,34.08,35.16,36.24,37.32,38.4,39.22,40.04,40.86,41.68,42.5,42.88,43.26,43.64,44.02,44.4,44.92,45.44,45.96,46.48,47.0,48.08,49.16,50.24,51.32,52.4
Czech Republic,4.9,5.26,5.62,5.98,6.34,6.7,7.3,7.9,8.5,9.1,9.7,10.18,10.66,11.14,11.62,12.1,12.6,13.1,13.6,14.1,14.6,15.1,15.6,16.1,16.6,17.1,17.34,17.58,17.82,18.06,18.3,18.5,18.7,18.9,19.1,19.3,19.8,20.3,20.8,21.3,21.8,22.9,24.0,25.1,26.2,27.3,27.12,26.94,26.76,26.58,26.4,27.0,27.6,28.2,28.8,29.4
North Korea,4.5,4.96,5.42,5.88,6.34,6.8,7.16,7.52,7.88,8.24,8.6,8.86,9.12,9.38,9.64,9.9,10.16,10.42,10.68,10.94,11.2,11.52,11.84,12.16,12.48,12.8,13.04,13.28,13.52,13.76,14.0,14.24,14.48,14.72,14.96,15.2,15.5,15.8,16.1,16.4,16.7,16.9,17.1,17.3,17.5,17.7,17.72,17.74,17.76,17.78,17.8,18.94,20.08,21.22,22.36,23.5
"Congo, Dem. Rep",0.1,0.08,0.06,0.04,0.02,0.0,0.02,0.04,0.06,0.08,0.1,0.12,0.14,0.16,0.18,0.2,0.28,0.36,0.44,0.52,0.6,0.74,0.88,1.02,1.16,1.3,1.48,1.66,1.84,2.02,2.2,2.4,2.6,2.8,3.0,3.2,3.38,3.56,3.74,3.92,4.1,4.18,4.26,4.34,4.42,4.5,4.62,4.74,4.86,4.98,5.1,5.36,5.62,5.88,6.14,6.4
Denmark,5.9,6.3,6.7,7.1,7.5,7.9,8.42,8.94,9.46,9.98,10.5,11.02,11.54,12.06,12.58,13.1,13.54,13.98,14.42,14.86,15.3,15.8,16.3,16.8,17.3,17.8,18.46,19.12,19.78,20.44,21.1,21.78,22.46,23.14,23.82,24.5,24.9,25.3,25.7,26.1,26.5,26.62,26.74,26.86,26.98,27.1,27.24,27.38,27.52,27.66,27.8,29.32,30.84,32.36,33.88,35.4
Djibouti,0.0,0.0,0.0,0.0,0.0,0.0,0.0,0.0,0.0,0.0,0.0,0.0,0.0,0.0,0.0,0.0,0.0,0.0,0.0,0.0,0.0,0.0,0.0,0.0,0.0,0.0,0.0,0.0,0.0,0.0,0.0,0.0,0.0,0.0,0.0,0.0,0.0,0.0,0.0,0.0,0.0,0.0,0.0,0.0,0.0,0.0,0.0,0.0,0.0,0.0,0.0,1.22,2.44,3.66,4.88,6.1
Dominican Republic,0.1,0.12,0.14,0.16,0.18,0.2,0.24,0.28,0.32,0.36,0.4,0.5,0.6,0.7,0.8,0.9,1.12,1.34,1.56,1.78,2.0,2.36,2.72,3.08,3.44,3.8,4.32,4.84,5.36,5.88,6.4,7.0,7.6,8.2,8.8,9.4,10.12,10.84,11.56,12.28,13.0,13.86,14.72,15.58,16.44,17.3,18.12,18.94,19.76,20.58,21.4,21.98,22.56,23.14,23.72,24.3
Ecuador,0.1,0.14,0.18,0.22,0.26,0.3,0.36,0.42,0.48,0.54,0.6,0.76,0.92,1.08,1.24,1.4,1.7,2.0,2.3,2.6,2.9,3.42,3.94,4.46,4.98,5.5,6.22,6.94,7.66,8.38,9.1,9.84,10.58,11.32,12.06,12.8,13.42,14.04,14.66,15.28,15.9,16.36,16.82,17.28,17.74,18.2,18.76,19.32,19.88,20.44,21.0,21.42,21.84,22.26,22.68,23.1
Egypt,0.3,0.44,0.58,0.72,0.86,1.0,1.3,1.6,1.9,2.2,2.5,3.22,3.94,4.66,5.38,6.1,6.48,6.86,7.24,7.62,8.0,8.44,8.88,9.32,9.76,10.2,10.7,11.2,11.7,12.2,12.7,13.24,13.78,14.32,14.86,15.4,15.98,16.56,17.14,17.72,18.3,18.88,19.46,20.04,20.62,21.2,22.22,23.24,24.26,25.28,26.3,27.32,28.34,29.36,30.38,31.4
El Salvador,0.1,0.12,0.14,0.16,0.18,0.2,0.24,0.28,0.32,0.36,0.4,0.52,0.64,0.76,0.88,1.0,1.18,1.36,1.54,1.72,1.9,2.14,2.38,2.62,2.86,3.1,3.4,3.7,4.0,4.3,4.6,4.96,5.32,5.68,6.04,6.4,6.86,7.32,7.78,8.24,8.7,9.02,9.34,9.66,9.98,10.3,10.86,11.42,11.98,12.54,13.1,13.64,14.18,14.72,15.26,15.8
Equatorial Guinea,0.0,0.02,0.04,0.06,0.08,0.1,0.12,0.14,0.16,0.18,0.2,0.3,0.4,0.5,0.6,0.7,0.8,0.9,1.0,1.1,1.2,1.34,1.48,1.62,1.76,1.9,2.12,2.34,2.56,2.78,3.0,3.2,3.4,3.6,3.8,4.0,3.76,3.52,3.28,3.04,2.8,3.1,3.4,3.7,4.0,4.3,4.56,4.82,5.08,5.34,5.6,5.88,6.16,6.44,6.72,7.0
Eritrea,0.0,0.0,0.0,0.0,0.0,0.0,0.0,0.0,0.0,0.0,0.0,0.0,0.0,0.0,0.0,0.0,0.0,0.0,0.0,0.0,0.0,0.0,0.0,0.0,0.0,0.0,0.0,0.0,0.0,0.0,0.0,0.0,0.0,0.0,0.0,0.0,0.0,0.0,0.0,0.0,0.0,0.0,0.0,0.0,0.0,0.0,0.0,0.0,0.0,0.0,0.0,1.22,2.44,3.66,4.88,6.1
Estonia,8.9,10.2,11.5,12.8,14.1,15.4,17.08,18.76,20.44,22.12,23.8,25.48,27.16,28.84,30.52,32.2,33.26,34.32,35.38,36.44,37.5,37.9,38.3,38.7,39.1,39.5,39.66,39.82,39.98,40.14,40.3,40.5,40.7,40.9,41.1,41.3,41.7,42.1,42.5,42.9,43.3,43.24,43.18,43.12,43.06,43.0,41.58,40.16,38.74,37.32,35.9,37.3,38.7,40.1,41.5,42.9
Ethiopia,0.0,0.0,0.0,0.0,0.0,0.0,0.0,0.0,0.0,0.0,0.0,0.0,0.0,0.0,0.0,0.0,0.02,0.04,0.06,0.08,0.1,0.12,0.14,0.16,0.18,0.2,0.26,0.32,0.38,0.44,0.5,0.6,0.7,0.8,0.9,1.0,1.1,1.2,1.3,1.4,1.5,1.52,1.54,1.56,1.58,1.6,1.68,1.76,1.84,1.92,2.0,2.08,2.16,2.24,2.32,2.4
Fiji,2.0,2.02,2.04,2.06,2.08,2.1,2.22,2.34,2.46,2.58,2.7,3.0,3.3,3.6,3.9,4.2,4.64,5.08,5.52,5.96,6.4,6.96,7.52,8.08,8.64,9.2,9.82,10.44,11.06,11.68,12.3,13.06,13.82,14.58,15.34,16.1,17.04,17.98,18.92,19.86,20.8,21.44,22.08,22.72,23.36,24.0,24.48,24.96,25.44,25.92,26.4,26.9,27.4,27.9,28.4,28.9
Finland,3.5,3.96,4.42,4.88,5.34,5.8,6.44,7.08,7.72,8.36,9.0,9.86,10.72,11.58,12.44,13.3,14.18,15.06,15.94,16.82,17.7,18.02,18.34,18.66,18.98,19.3,19.22,19.14,19.06,18.98,18.9,18.82,18.74,18.66,18.58,18.5,18.6,18.7,18.8,18.9,19.0,19.26,19.52,19.78,20.04,20.3,20.58,20.86,21.14,21.42,21.7,23.78,25.86,27.94,30.02,32.1
France,6.3,6.82,7.34,7.86,8.38,8.9,9.38,9.86,10.34,10.82,11.3,11.72,12.14,12.56,12.98,13.4,14.02,14.64,15.26,15.88,16.5,17.52,18.54,19.56,20.58,21.6,22.74,23.88,25.02,26.16,27.3,28.36,29.42,30.48,31.54,32.6,32.96,33.32,33.68,34.04,34.4,34.86,35.32,35.78,36.24,36.7,37.58,38.46,39.34,40.22,41.1,42.24,43.38,44.52,45.66,46.8
French Guiana,2.9,3.16,3.42,3.68,3.94,4.2,4.54,4.88,5.22,5.56,5.9,6.2,6.5,6.8,7.1,7.4,7.88,8.36,8.84,9.32,9.8,10.16,10.52,10.88,11.24,11.6,11.98,12.36,12.74,13.12,13.5,13.88,14.26,14.64,15.02,15.4,15.6,15.8,16.0,16.2,16.4,16.64,16.88,17.12,17.36,17.6,17.54,17.48,17.42,17.36,17.3,17.74,18.18,18.62,19.06,19.5
French Polynesia,0.9,1.1,1.3,1.5,1.7,1.9,2.22,2.54,2.86,3.18,3.5,3.94,4.38,4.82,5.26,5.7,6.38,7.06,7.74,8.42,9.1,10.0,10.9,11.8,12.7,13.6,14.34,15.08,15.82,16.56,17.3,17.7,18.1,18.5,18.9,19.3,19.5,19.7,19.9,20.1,20.3,20.6,20.9,21.2,21.5,21.8,22.38,22.96,23.54,24.12,24.7,25.24,25.78,26.32,26.86,27.4
Gabon,0.1,0.2,0.3,0.4,0.5,0.6,0.86,1.12,1.38,1.64,1.9,2.32,2.74,3.16,3.58,4.0,4.48,4.96,5.44,5.92,6.4,6.66,6.92,7.18,7.44,7.7,7.92,8.14,8.36,8.58,8.8,9.04,9.28,9.52,9.76,10.0,10.24,10.48,10.72,10.96,11.2,11.16,11.12,11.08,11.04,11.0,10.38,9.76,9.14,8.52,7.9,8.72,9.54,10.36,11.18,12.0
Gambia,0.0,0.0,0.0,0.0,0.0,0.0,0.0,0.0,0.0,0.0,0.0,0.0,0.0,0.0,0.0,0.0,0.0,0.0,0.0,0.0,0.0,0.02,0.04,0.06,0.08,0.1,0.12,0.14,0.16,0.18,0.2,0.24,0.28,0.32,0.36,0.4,0.46,0.52,0.58,0.64,0.7,0.84,0.98,1.12,1.26,1.4,1.74,2.08,2.42,2.76,3.1,3.68,4.26,4.84,5.42,6.0
Georgia,12.3,13.5,14.7,15.9,17.1,18.3,19.36,20.42,21.48,22.54,23.6,24.68,25.76,26.84,27.92,29.0,29.78,30.56,31.34,32.12,32.9,33.72,34.54,35.36,36.18,37.0,37.9,38.8,39.7,40.6,41.5,42.18,42.86,43.54,44.22,44.9,45.4,45.9,46.4,46.9,47.4,47.5,47.6,47.7,47.8,47.9,48.0,48.1,48.2,48.3,48.4,48.48,48.56,48.64,48.72,48.8
Germany,14.2,14.68,15.16,15.64,16.12,16.6,17.1,17.6,18.1,18.6,19.1,19.48,19.86,20.24,20.62,21.0,21.52,22.04,22.56,23.08,23.6,24.16,24.72,25.28,25.84,26.4,26.96,27.52,28.08,28.64,29.2,29.76,30.32,30.88,31.44,32.0,32.52,33.04,33.56,34.08,34.6,35.14,35.68,36.22,36.76,37.3,37.76,38.22,38.68,39.14,39.6,39.96,40.32,40.68,41.04,41.4
Ghana,0.1,0.16,0.22,0.28,0.34,0.4,0.52,0.64,0.76,0.88,1.0,1.14,1.28,1.42,1.56,1.7,1.9,2.1,2.3,2.5,2.7,2.84,2.98,3.12,3.26,3.4,3.48,3.56,3.64,3.72,3.8,3.82,3.84,3.86,3.88,3.9,4.04,4.18,4.32,4.46,4.6,4.84,5.08,5.32,5.56,5.8,5.96,6.12,6.28,6.44,6.6,6.78,6.96,7.14,7.32,7.5
Greece,1.1,1.26,1.42,1.58,1.74,1.9,2.28,2.66,3.04,3.42,3.8,4.48,5.16,5.84,6.52,7.2,8.32,9.44,10.56,11.68,12.8,14.22,15.64,17.06,18.48,19.9,21.42,22.94,24.46,25.98,27.5,28.66,29.82,30.98,32.14,33.3,34.06,34.82,35.58,36.34,37.1,37.58,38.06,38.54,39.02,39.5,39.82,40.14,40.46,40.78,41.1,42.14,43.18,44.22,45.26,46.3
Grenada,0.0,0.0,0.0,0.0,0.0,0.0,0.0,0.0,0.0,0.0,0.0,0.0,0.0,0.0,0.0,0.0,0.0,0.0,0.0,0.0,0.0,0.0,0.0,0.0,0.0,0.0,0.0,0.0,0.0,0.0,0.0,0.0,0.0,0.0,0.0,0.0,0.0,0.0,0.0,0.0,0.0,0.0,0.0,0.0,0.0,0.0,0.0,0.0,0.0,0.0,0.0,5.18,10.36,15.54,20.72,25.9
Guadeloupe,0.3,0.42,0.54,0.66,0.78,0.9,1.12,1.34,1.56,1.78,2.0,2.38,2.76,3.14,3.52,3.9,4.42,4.94,5.46,5.98,6.5,7.1,7.7,8.3,8.9,9.5,10.16,10.82,11.48,12.14,12.8,13.48,14.16,14.84,15.52,16.2,16.9,17.6,18.3,19.0,19.7,20.5,21.3,22.1,22.9,23.7,24.1,24.5,24.9,25.3,25.7,26.12,26.54,26.96,27.38,27.8
Guam,0.0,0.0,0.0,0.0,0.0,0.0,0.0,0.0,0.0,0.0,0.0,0.0,0.0,0.0,0.0,0.0,0.0,0.0,0.0,0.0,0.0,0.0,0.0,0.0,0.0,0.0,0.0,0.0,0.0,0.0,0.0,0.0,0.0,0.0,0.0,0.0,0.0,0.0,0.0,0.0,0.0,0.0,0.0,0.0,0.0,0.0,0.0,0.0,0.0,0.0,0.0,5.78,11.56,17.34,23.12,28.9
Guatemala,0.1,0.12,0.14,0.16,0.18,0.2,0.22,0.24,0.26,0.28,0.3,0.36,0.42,0.48,0.54,0.6,0.72,0.84,0.96,1.08,1.2,1.34,1.48,1.62,1.76,1.9,2.1,2.3,2.5,2.7,2.9,3.14,3.38,3.62,3.86,4.1,4.26,4.42,4.58,4.74,4.9,5.16,5.42,5.68,5.94,6.2,6.5,6.8,7.1,7.4,7.7,7.98,8.26,8.54,8.82,9.1
Guinea,0.0,0.0,0.0,0.0,0.0,0.0,0.02,0.04,0.06,0.08,0.1,0.2,0.3,0.4,0.5,0.6,0.7,0.8,0.9,1.0,1.1,1.12,1.14,1.16,1.18,1.2,1.2,1.2,1.2,1.2,1.2,1.28,1.36,1.44,1.52,1.6,1.92,2.24,2.56,2.88,3.2,3.78,4.36,4.94,5.52,6.1,6.44,6.78,7.12,7.46,7.8,8.04,8.28,8.52,8.76,9.0
Guinea-Bissau,0.0,0.0,0.0,0.0,0.0,0.0,0.0,0.0,0.0,0.0,0.0,0.0,0.0,0.0,0.0,0.0,0.0,0.0,0.0,0.0,0.0,0.02,0.04,0.06,0.08,0.1,0.12,0.14,0.16,0.18,0.2,0.26,0.32,0.38,0.44,0.5,0.58,0.66,0.74,0.82,0.9,0.94,0.98,1.02,1.06,1.1,1.12,1.14,1.16,1.18,1.2,1.16,1.12,1.08,1.04,1.0
Guyana,0.6,0.7,0.8,0.9,1.0,1.1,1.26,1.42,1.58,1.74,1.9,2.14,2.38,2.62,2.86,3.1,3.42,3.74,4.06,4.38,4.7,5.08,5.46,5.84,6.22,6.6,6.88,7.16,7.44,7.72,8.0,8.34,8.68,9.02,9.36,9.7,9.9,10.1,10.3,10.5,10.7,10.92,11.14,11.36,11.58,11.8,11.96,12.12,12.28,12.44,12.6,12.78,12.96,13.14,13.32,13.5
Haiti,0.0,0.0,0.0,0.0,0.0,0.0,0.0,0.0,0.0,0.0,0.0,0.0,0.0,0.0,0.0,0.0,0.02,0.04,0.06,0.08,0.1,0.1,0.1,0.1,0.1,0.1,0.12,0.14,0.16,0.18,0.2,0.26,0.32,0.38,0.44,0.5,0.58,0.66,0.74,0.82,0.9,0.98,1.06,1.14,1.22,1.3,1.38,1.46,1.54,1.62,1.7,1.78,1.86,1.94,2.02,2.1
Honduras,0.0,0.0,0.0,0.0,0.0,0.0,0.0,0.0,0.0,0.0,0.0,0.02,0.04,0.06,0.08,0.1,0.14,0.18,0.22,0.26,0.3,0.36,0.42,0.48,0.54,0.6,0.68,0.76,0.84,0.92,1.0,1.12,1.24,1.36,1.48,1.6,1.72,1.84,1.96,2.08,2.2,2.34,2.48,2.62,2.76,2.9,3.14,3.38,3.62,3.86,4.1,4.48,4.86,5.24,5.62,6.0
"Hong Kong, China",0.8,1.0,1.2,1.4,1.6,1.8,2.12,2.44,2.76,3.08,3.4,4.0,4.6,5.2,5.8,6.4,7.34,8.28,9.22,10.16,11.1,12.16,13.22,14.28,15.34,16.4,17.56,18.72,19.88,21.04,22.2,23.3,24.4,25.5,26.6,27.7,28.48,29.26,30.04,30.82,31.6,32.82,34.04,35.26,36.48,37.7,39.22,40.74,42.26,43.78,45.3,46.52,47.74,48.96,50.18,51.4
Hungary,4.6,5.12,5.64,6.16,6.68,7.2,8.14,9.08,10.02,10.96,11.9,12.64,13.38,14.12,14.86,15.6,15.78,15.96,16.14,16.32,16.5,17.06,17.62,18.18,18.74,19.3,19.92,20.54,21.16,21.78,22.4,22.96,23.52,24.08,24.64,25.2,26.2,27.2,28.2,29.2,30.2,31.48,32.76,34.04,35.32,36.6,37.14,37.68,38.22,38.76,39.3,39.82,40.34,40.86,41.38,41.9
Iceland,5.9,6.22,6.54,6.86,7.18,7.5,7.92,8.34,8.76,9.18,9.6,10.08,10.56,11.04,11.52,12.0,12.46,12.92,13.38,13.84,14.3,14.9,15.5,16.1,16.7,17.3,18.0,18.7,19.4,20.1,20.8,21.38,21.96,22.54,23.12,23.7,23.96,24.22,24.48,24.74,25.0,25.12,25.24,25.36,25.48,25.6,25.76,25.92,26.08,26.24,26.4,28.1,29.8,31.5,33.2,34.9
India,0.1,0.12,0.14,0.16,0.18,0.2,0.26,0.32,0.38,0.44,0.5,0.62,0.74,0.86,0.98,1.1,1.26,1.42,1.58,1.74,1.9,2.04,2.18,2.32,2.46,2.6,2.82,3.04,3.26,3.48,3.7,4.02,4.34,4.66,4.98,5.3,5.76,6.22,6.68,7.14,7.6,8.22,8.84,9.46,10.08,10.7,11.54,12.38,13.22,14.06,14.9,15.36,15.82,16.28,16.74,17.2
Indonesia,0.0,0.0,0.0,0.0,0.0,0.0,0.02,0.04,0.06,0.08,0.1,0.12,0.14,0.16,0.18,0.2,0.24,0.28,0.32,0.36,0.4,0.48,0.56,0.64,0.72,0.8,0.98,1.16,1.34,1.52,1.7,2.02,2.34,2.66,2.98,3.3,3.74,4.18,4.62,5.06,5.5,6.04,6.58,7.12,7.66,8.2,8.64,9.08,9.52,9.96,10.4,11.06,11.72,12.38,13.04,13.7
Iran,0.1,0.12,0.14,0.16,0.18,0.2,0.28,0.36,0.44,0.52,0.6,0.76,0.92,1.08,1.24,1.4,1.68,1.96,2.24,2.52,2.8,3.2,3.6,4.0,4.4,4.8,5.18,5.56,5.94,6.32,6.7,7.02,7.34,7.66,7.98,8.3,8.68,9.06,9.44,9.82,10.2,10.82,11.44,12.06,12.68,13.3,14.08,14.86,15.64,16.42,17.2,18.0,18.8,19.6,20.4,21.2
Iraq,0.2,0.34,0.48,0.62,0.76,0.9,1.2,1.5,1.8,2.1,2.4,2.9,3.4,3.9,4.4,4.9,5.86,6.82,7.78,8.74,9.7,10.94,12.18,13.42,14.66,15.9,16.46,17.02,17.58,18.14,18.7,18.4,18.1,17.8,17.5,17.2,17.0,16.8,16.6,16.4,16.2,16.18,16.16,16.14,16.12,16.1,15.88,15.66,15.44,15.22,15.0,15.72,16.44,17.16,17.88,18.6
Ireland,2.8,3.06,3.32,3.58,3.84,4.1,4.66,5.22,5.78,6.34,6.9,8.02,9.14,10.26,11.38,12.5,14.2,15.9,17.6,19.3,21.0,22.86,24.72,26.58,28.44,30.3,31.8,33.3,34.8,36.3,37.8,39.06,40.32,41.58,42.84,44.1,44.98,45.86,46.74,47.62,48.5,49.32,50.14,50.96,51.78,52.6,53.5,54.4,55.3,56.2,57.1,58.32,59.54,60.76,61.98,63.2
Israel,3.6,4.02,4.44,4.86,5.28,5.7,6.34,6.98,7.62,8.26,8.9,9.88,10.86,11.84,12.82,13.8,14.66,15.52,16.38,17.24,18.1,19.04,19.98,20.92,21.86,22.8,23.18,23.56,23.94,24.32,24.7,25.02,25.34,25.66,25.98,26.3,26.5,26.7,26.9,27.1,27.3,27.42,27.54,27.66,27.78,27.9,28.7,29.5,30.3,31.1,31.9,32.68,33.46,34.24,35.02,35.8
Italy,1.0,1.18,1.36,1.54,1.72,1.9,2.2,2.5,2.8,3.1,3.4,3.84,4.28,4.72,5.16,5.6,6.16,6.72,7.28,7.84,8.4,9.0,9.6,10.2,10.8,11.4,11.92,12.44,12.96,13.48,14.0,14.48,14.96,15.44,15.92,16.4,16.58,16.76,16.94,17.12,17.3,17.5,17.7,17.9,18.1,18.3,18.84,19.38,19.92,20.46,21.0,22.02,23.04,24.06,25.08,26.1
Jamaica,0.9,1.06,1.22,1.38,1.54,1.7,2.0,2.3,2.6,2.9,3.2,3.78,4.36,4.94,5.52,6.1,6.86,7.62,8.38,9.14,9.9,10.52,11.14,11.76,12.38,13.0,13.34,13.68,14.02,14.36,14.7,14.94,15.18,15.42,15.66,15.9,16.22,16.54,16.86,17.18,17.5,17.9,18.3,18.7,19.1,19.5,19.88,20.26,20.64,21.02,21.4,21.78,22.16,22.54,22.92,23.3
Japan,10.3,10.7,11.1,11.5,11.9,12.3,12.98,13.66,14.34,15.02,15.7,16.48,17.26,18.04,18.82,19.6,20.32,21.04,21.76,22.48,23.2,23.98,24.76,25.54,26.32,27.1,27.84,28.58,29.32,30.06,30.8,32.08,33.36,34.64,35.92,37.2,38.8,40.4,42.0,43.6,45.2,46.42,47.64,48.86,50.08,51.3,51.96,52.62,53.28,53.94,54.6,55.88,57.16,58.44,59.72,61.0
Jordan,0.4,0.68,0.96,1.24,1.52,1.8,2.34,2.88,3.42,3.96,4.5,5.26,6.02,6.78,7.54,8.3,9.2,10.1,11.0,11.9,12.8,13.78,14.76,15.74,16.72,17.7,18.48,19.26,20.04,20.82,21.6,22.1,22.6,23.1,23.6,24.1,24.08,24.06,24.04,24.02,24.0,23.88,23.76,23.64,23.52,23.4,24.18,24.96,25.74,26.52,27.3,27.68,28.06,28.44,28.82,29.2
Kazakhstan,5.9,6.32,6.74,7.16,7.58,8.0,8.54,9.08,9.62,10.16,10.7,11.38,12.06,12.74,13.42,14.1,14.48,14.86,15.24,15.62,16.0,16.48,16.96,17.44,17.92,18.4,18.86,19.32,19.78,20.24,20.7,20.96,21.22,21.48,21.74,22.0,22.18,22.36,22.54,22.72,22.9,23.44,23.98,24.52,25.06,25.6,26.72,27.84,28.96,30.08,31.2,31.22,31.24,31.26,31.28,31.3
Kenya,0.0,0.02,0.04,0.06,0.08,0.1,0.14,0.18,0.22,0.26,0.3,0.38,0.46,0.54,0.62,0.7,0.84,0.98,1.12,1.26,1.4,1.64,1.88,2.12,2.36,2.6,3.02,3.44,3.86,4.28,4.7,5.18,5.66,6.14,6.62,7.1,7.38,7.66,7.94,8.22,8.5,8.58,8.66,8.74,8.82,8.9,8.72,8.54,8.36,8.18,8.0,8.44,8.88,9.32,9.76,10.2
Kiribati,0.1,0.1,0.1,0.1,0.1,0.1,0.1,0.1,0.1,0.1,0.1,0.12,0.14,0.16,0.18,0.2,0.2,0.2,0.2,0.2,0.2,0.22,0.24,0.26,0.28,0.3,0.32,0.34,0.36,0.38,0.4,0.44,0.48,0.52,0.56,0.6,0.7,0.8,0.9,1.0,1.1,1.24,1.38,1.52,1.66,1.8,1.98,2.16,2.34,2.52,2.7,2.92,3.14,3.36,3.58,3.8
Kuwait,2.3,2.52,2.74,2.96,3.18,3.4,3.62,3.84,4.06,4.28,4.5,5.08,5.66,6.24,6.82,7.4,7.64,7.88,8.12,8.36,8.6,8.82,9.04,9.26,9.48,9.7,9.94,10.18,10.42,10.66,10.9,10.94,10.98,11.02,11.06,11.1,11.18,11.26,11.34,11.42,11.5,11.58,11.66,11.74,11.82,11.9,12.02,12.14,12.26,12.38,12.5,13.18,13.86,14.54,15.22,15.9
Kyrgyz Republic,2.9,3.46,4.02,4.58,5.14,5.7,6.08,6.46,6.84,7.22,7.6,7.94,8.28,8.62,8.96,9.3,9.6,9.9,10.2,10.5,10.8,11.2,11.6,12.0,12.4,12.8,13.12,13.44,13.76,14.08,14.4,14.5,14.6,14.7,14.8,14.9,14.84,14.78,14.72,14.66,14.6,15.02,15.44,15.86,16.28,16.7,16.62,16.54,16.46,16.38,16.3,16.56,16.82,17.08,17.34,17.6
Lao,0.0,0.02,0.04,0.06,0.08,0.1,0.14,0.18,0.22,0.26,0.3,0.4,0.5,0.6,0.7,0.8,0.96,1.12,1.28,1.44,1.6,1.9,2.2,2.5,2.8,3.1,3.46,3.82,4.18,4.54,4.9,5.24,5.58,5.92,6.26,6.6,6.84,7.08,7.32,7.56,7.8,8.06,8.32,8.58,8.84,9.1,9.82,10.54,11.26,11.98,12.7,13.42,14.14,14.86,15.58,16.3
Latvia,10.9,11.56,12.22,12.88,13.54,14.2,14.88,15.56,16.24,16.92,17.6,18.44,19.28,20.12,20.96,21.8,22.32,22.84,23.36,23.88,24.4,24.64,24.88,25.12,25.36,25.6,25.76,25.92,26.08,26.24,26.4,26.66,26.92,27.18,27.44,27.7,28.28,28.86,29.44,30.02,30.6,31.38,32.16,32.94,33.72,34.5,34.14,33.78,33.42,33.06,32.7,33.4,34.1,34.8,35.5,36.2
Lebanon,0.2,0.28,0.36,0.44,0.52,0.6,0.74,0.88,1.02,1.16,1.3,1.56,1.82,2.08,2.34,2.6,2.96,3.32,3.68,4.04,4.4,4.94,5.48,6.02,6.56,7.1,7.76,8.42,9.08,9.74,10.4,11.26,12.12,12.98,13.84,14.7,15.68,16.66,17.64,18.62,19.6,20.76,21.92,23.08,24.24,25.4,26.12,26.84,27.56,28.28,29.0,29.7,30.4,31.1,31.8,32.5
Lesotho,0.0,0.02,0.04,0.06,0.08,0.1,0.12,0.14,0.16,0.18,0.2,0.22,0.24,0.26,0.28,0.3,0.4,0.5,0.6,0.7,0.8,1.0,1.2,1.4,1.6,1.8,2.04,2.28,2.52,2.76,3.0,3.12,3.24,3.36,3.48,3.6,3.74,3.88,4.02,4.16,4.3,4.54,4.78,5.02,5.26,5.5,5.94,6.38,6.82,7.26,7.7,8.28,8.86,9.44,10.02,10.6
Liberia,0.0,0.0,0.0,0.0,0.0,0.0,0.02,0.04,0.06,0.08,0.1,0.12,0.14,0.16,0.18,0.2,0.26,0.32,0.38,0.44,0.5,0.6,0.7,0.8,0.9,1.0,1.08,1.16,1.24,1.32,1.4,1.46,1.52,1.58,1.64,1.7,1.72,1.74,1.76,1.78,1.8,1.76,1.72,1.68,1.64,1.6,1.5,1.4,1.3,1.2,1.1,1.26,1.42,1.58,1.74,1.9
Libya,0.0,0.0,0.0,0.0,0.0,0.0,0.0,0.0,0.0,0.0,0.0,0.0,0.0,0.0,0.0,0.0,0.0,0.0,0.0,0.0,0.0,0.0,0.0,0.0,0.0,0.0,0.0,0.0,0.0,0.0,0.0,0.0,0.0,0.0,0.0,0.0,0.0,0.0,0.0,0.0,0.0,0.0,0.0,0.0,0.0,0.0,0.0,0.0,0.0,0.0,0.0,4.82,9.64,14.46,19.28,24.1
Lithuania,15.9,18.0,20.1,22.2,24.3,26.4,28.82,31.24,33.66,36.08,38.5,40.86,43.22,45.58,47.94,50.3,51.5,52.7,53.9,55.1,56.3,56.42,56.54,56.66,56.78,56.9,56.62,56.34,56.06,55.78,55.5,55.48,55.46,55.44,55.42,55.4,55.54,55.68,55.82,55.96,56.1,56.06,56.02,55.98,55.94,55.9,54.64,53.38,52.12,50.86,49.6,50.72,51.84,52.96,54.08,55.2
Luxembourg,4.4,4.78,5.16,5.54,5.92,6.3,6.72,7.14,7.56,7.98,8.4,8.88,9.36,9.84,10.32,10.8,11.4,12.0,12.6,13.2,13.8,14.64,15.48,16.32,17.16,18.0,18.86,19.72,20.58,21.44,22.3,22.92,23.54,24.16,24.78,25.4,25.9,26.4,26.9,27.4,27.9,28.48,29.06,29.64,30.22,30.8,31.58,32.36,33.14,33.92,34.7,35.96,37.22,38.48,39.74,41.0
Macao Special Administrative Region of China,0.0,0.02,0.04,0.06,0.08,0.1,0.14,0.18,0.22,0.26,0.3,0.4,0.5,0.6,0.7,0.8,1.08,1.36,1.64,1.92,2.2,2.68,3.16,3.64,4.12,4.6,5.44,6.28,7.12,7.96,8.8,9.78,10.76,11.74,12.72,13.7,14.84,15.98,17.12,18.26,19.4,20.92,22.44,23.96,25.48,27.0,28.72,30.44,32.16,33.88,35.6,37.36,39.12,40.88,42.64,44.4
Madagascar,0.0,0.02,0.04,0.06,0.08,0.1,0.12,0.14,0.16,0.18,0.2,0.24,0.28,0.32,0.36,0.4,0.44,0.48,0.52,0.56,0.6,0.72,0.84,0.96,1.08,1.2,1.34,1.48,1.62,1.76,1.9,2.06,2.22,2.38,2.54,2.7,2.62,2.54,2.46,2.38,2.3,2.2,2.1,2.0,1.9,1.8,1.94,2.08,2.22,2.36,2.5,2.54,2.58,2.62,2.66,2.7
Malawi,0.0,0.0,0.0,0.0,0.0,0.0,0.0,0.0,0.0,0.0,0.0,0.0,0.0,0.0,0.0,0.0,0.0,0.0,0.0,0.0,0.0,0.02,0.04,0.06,0.08,0.1,0.12,0.14,0.16,0.18,0.2,0.22,0.24,0.26,0.28,0.3,0.36,0.42,0.48,0.54,0.6,0.68,0.76,0.84,0.92,1.0,1.12,1.24,1.36,1.48,1.6,1.66,1.72,1.78,1.84,1.9
Malaysia,0.1,0.12,0.14,0.16,0.18,0.2,0.3,0.4,0.5,0.6,0.7,0.92,1.14,1.36,1.58,1.8,2.16,2.52,2.88,3.24,3.6,4.1,4.6,5.1,5.6,6.1,6.72,7.34,7.96,8.58,9.2,9.74,10.28,10.82,11.36,11.9,12.7,13.5,14.3,15.1,15.9,17.2,18.5,19.8,21.1,22.4,22.5,22.6,22.7,22.8,22.9,23.42,23.94,24.46,24.98,25.5
Maldives,0.0,0.0,0.0,0.0,0.0,0.0,0.0,0.0,0.0,0.0,0.0,0.0,0.0,0.0,0.0,0.0,0.0,0.0,0.0,0.0,0.0,0.02,0.04,0.06,0.08,0.1,0.14,0.18,0.22,0.26,0.3,0.44,0.58,0.72,0.86,1.0,1.44,1.88,2.32,2.76,3.2,3.86,4.52,5.18,5.84,6.5,6.94,7.38,7.82,8.26,8.7,9.1,9.5,9.9,10.3,10.7
Mali,0.0,0.0,0.0,0.0,0.0,0.0,0.0,0.0,0.0,0.0,0.0,0.0,0.0,0.0,0.0,0.0,0.04,0.08,0.12,0.16,0.2,0.24,0.28,0.32,0.36,0.4,0.42,0.44,0.46,0.48,0.5,0.5,0.5,0.5,0.5,0.5,0.54,0.58,0.62,0.66,0.7,0.82,0.94,1.06,1.18,1.3,1.72,2.14,2.56,2.98,3.4,3.46,3.52,3.58,3.64,3.7
Malta,2.7,2.88,3.06,3.24,3.42,3.6,3.76,3.92,4.08,4.24,4.4,4.84,5.28,5.72,6.16,6.6,7.54,8.48,9.42,10.36,11.3,12.36,13.42,14.48,15.54,16.6,17.36,18.12,18.88,19.64,20.4,20.88,21.36,21.84,22.32,22.8,23.24,23.68,24.12,24.56,25.0,25.5,26.0,26.5,27.0,27.5,28.8,30.1,31.4,32.7,34.0,34.84,35.68,36.52,37.36,38.2
Martinique,0.6,0.74,0.88,1.02,1.16,1.3,1.58,1.86,2.14,2.42,2.7,3.1,3.5,3.9,4.3,4.7,5.26,5.82,6.38,6.94,7.5,8.1,8.7,9.3,9.9,10.5,11.14,11.78,12.42,13.06,13.7,14.46,15.22,15.98,16.74,17.5,18.44,19.38,20.32,21.26,22.2,23.3,24.4,25.5,26.6,27.7,28.12,28.54,28.96,29.38,29.8,30.46,31.12,31.78,32.44,33.1
Mauritania,0.0,0.0,0.0,0.0,0.0,0.0,0.0,0.0,0.0,0.0,0.0,0.0,0.0,0.0,0.0,0.0,0.0,0.0,0.0,0.0,0.0,0.0,0.0,0.0,0.0,0.0,0.0,0.0,0.0,0.0,0.0,0.0,0.0,0.0,0.0,0.0,0.0,0.0,0.0,0.0,0.0,0.0,0.0,0.0,0.0,0.0,0.0,0.0,0.0,0.0,0.0,1.02,2.04,3.06,4.08,5.1
Mauritius,0.1,0.14,0.18,0.22,0.26,0.3,0.36,0.42,0.48,0.54,0.6,0.66,0.72,0.78,0.84,0.9,1.0,1.1,1.2,1.3,1.4,1.56,1.72,1.88,2.04,2.2,2.44,2.68,2.92,3.16,3.4,3.66,3.92,4.18,4.44,4.7,4.9,5.1,5.3,5.5,5.7,5.9,6.1,6.3,6.5,6.7,7.26,7.82,8.38,8.94,9.5,9.84,10.18,10.52,10.86,11.2
Mayotte,0.0,0.0,0.0,0.0,0.0,0.0,0.0,0.0,0.0,0.0,0.0,0.0,0.0,0.0,0.0,0.0,0.0,0.0,0.0,0.0,0.0,0.0,0.0,0.0,0.0,0.0,0.0,0.0,0.0,0.0,0.0,0.0,0.0,0.0,0.0,0.0,0.0,0.0,0.0,0.0,0.0,0.0,0.0,0.0,0.0,0.0,0.0,0.0,0.0,0.0,0.0,5.16,10.32,15.48,20.64,25.8
Mexico,0.1,0.12,0.14,0.16,0.18,0.2,0.28,0.36,0.44,0.52,0.6,0.76,0.92,1.08,1.24,1.4,1.72,2.04,2.36,2.68,3.0,3.5,4.0,4.5,5.0,5.5,6.16,6.82,7.48,8.14,8.8,9.42,10.04,10.66,11.28,11.9,12.34,12.78,13.22,13.66,14.1,14.56,15.02,15.48,15.94,16.4,16.8,17.2,17.6,18.0,18.4,18.94,19.48,20.02,20.56,21.1
"Micronesia, Fed. Sts.",0.2,0.32,0.44,0.56,0.68,0.8,1.04,1.28,1.52,1.76,2.0,2.38,2.76,3.14,3.52,3.9,4.26,4.62,4.98,5.34,5.7,6.06,6.42,6.78,7.14,7.5,7.86,8.22,8.58,8.94,9.3,9.62,9.94,10.26,10.58,10.9,10.92,10.94,10.96,10.98,11.0,10.72,10.44,10.16,9.88,9.6,9.54,9.48,9.42,9.36,9.3,9.76,10.22,10.68,11.14,11.6
Mongolia,2.5,2.8,3.1,3.4,3.7,4.0,4.56,5.12,5.68,6.24,6.8,7.34,7.88,8.42,8.96,9.5,10.0,10.5,11.0,11.5,12.0,12.66,13.32,13.98,14.64,15.3,15.8,16.3,16.8,17.3,17.8,17.86,17.92,17.98,18.04,18.1,18.72,19.34,19.96,20.58,21.2,22.56,23.92,25.28,26.64,28.0,29.38,30.76,32.14,33.52,34.9,35.44,35.98,36.52,37.06,37.6
Montenegro,3.5,4.0,4.5,5.0,5.5,6.0,6.58,7.16,7.74,8.32,8.9,9.5,10.1,10.7,11.3,11.9,12.34,12.78,13.22,13.66,14.1,14.58,15.06,15.54,16.02,16.5,16.8,17.1,17.4,17.7,18.0,18.02,18.04,18.06,18.08,18.1,18.6,19.1,19.6,20.1,20.6,21.42,22.24,23.06,23.88,24.7,24.48,24.26,24.04,23.82,23.6,24.28,24.96,25.64,26.32,27.0
Morocco,0.0,0.0,0.0,0.0,0.0,0.0,0.0,0.0,0.0,0.0,0.0,0.04,0.08,0.12,0.16,0.2,0.26,0.32,0.38,0.44,0.5,0.62,0.74,0.86,0.98,1.1,1.32,1.54,1.76,1.98,2.2,2.48,2.76,3.04,3.32,3.6,3.88,4.16,4.44,4.72,5.0,5.44,5.88,6.32,6.76,7.2,7.96,8.72,9.48,10.24,11.0,11.76,12.52,13.28,14.04,14.8
Mozambique,0.0,0.0,0.0,0.0,0.0,0.0,0.0,0.0,0.0,0.0,0.0,0.0,0.0,0.0,0.0,0.0,0.0,0.0,0.0,0.0,0.0,0.02,0.04,0.06,0.08,0.1,0.1,0.1,0.1,0.1,0.1,0.12,0.14,0.16,0.18,0.2,0.22,0.24,0.26,0.28,0.3,0.34,0.38,0.42,0.46,0.5,0.54,0.58,0.62,0.66,0.7,0.74,0.78,0.82,0.86,0.9
Myanmar,0.2,0.22,0.24,0.26,0.28,0.3,0.36,0.42,0.48,0.54,0.6,0.7,0.8,0.9,1.0,1.1,1.2,1.3,1.4,1.5,1.6,1.7,1.8,1.9,2.0,2.1,2.2,2.3,2.4,2.5,2.6,2.78,2.96,3.14,3.32,3.5,3.68,3.86,4.04,4.22,4.4,4.76,5.12,5.48,5.84,6.2,6.88,7.56,8.24,8.92,9.6,10.72,11.84,12.96,14.08,15.2
Namibia,0.0,0.0,0.0,0.0,0.0,0.0,0.0,0.0,0.0,0.0,0.0,0.02,0.04,0.06,0.08,0.1,0.12,0.14,0.16,0.18,0.2,0.28,0.36,0.44,0.52,0.6,0.78,0.96,1.14,1.32,1.5,1.88,2.26,2.64,3.02,3.4,3.9,4.4,4.9,5.4,5.9,6.36,6.82,7.28,7.74,8.2,8.36,8.52,8.68,8.84,9.0,8.88,8.76,8.64,8.52,8.4
Nepal,0.0,0.0,0.0,0.0,0.0,0.0,0.0,0.0,0.0,0.0,0.0,0.02,0.04,0.06,0.08,0.1,0.12,0.14,0.16,0.18,0.2,0.24,0.28,0.32,0.36,0.4,0.46,0.52,0.58,0.64,0.7,0.84,0.98,1.12,1.26,1.4,1.52,1.64,1.76,1.88,2.0,2.16,2.32,2.48,2.64,2.8,3.02,3.24,3.46,3.68,3.9,4.22,4.54,4.86,5.18,5.5
Netherlands,3.1,3.36,3.62,3.88,4.14,4.4,4.8,5.2,5.6,6.0,6.4,6.84,7.28,7.72,8.16,8.6,9.3,10.0,10.7,11.4,12.1,13.12,14.14,15.16,16.18,17.2,18.4,19.6,20.8,22.0,23.2,24.56,25.92,27.28,28.64,30.0,30.86,31.72,32.58,33.44,34.3,34.92,35.54,36.16,36.78,37.4,37.86,38.32,38.78,39.24,39.7,40.28,40.86,41.44,42.02,42.6
New Caledonia,0.9,1.04,1.18,1.32,1.46,1.6,1.88,2.16,2.44,2.72,3.0,3.38,3.76,4.14,4.52,4.9,5.4,5.9,6.4,6.9,7.4,8.08,8.76,9.44,10.12,10.8,11.9,13.0,14.1,15.2,16.3,17.7,19.1,20.5,21.9,23.3,24.26,25.22,26.18,27.14,28.1,28.78,29.46,30.14,30.82,31.5,31.84,32.18,32.52,32.86,33.2,33.76,34.32,34.88,35.44,36.0
New Zealand,10.2,11.08,11.96,12.84,13.72,14.6,15.62,16.64,17.66,18.68,19.7,20.78,21.86,22.94,24.02,25.1,26.12,27.14,28.16,29.18,30.2,31.14,32.08,33.02,33.96,34.9,35.76,36.62,37.48,38.34,39.2,39.82,40.44,41.06,41.68,42.3,42.9,43.5,44.1,44.7,45.3,46.02,46.74,47.46,48.18,48.9,49.22,49.54,49.86,50.18,50.5,50.82,51.14,51.46,51.78,52.1
Nicaragua,0.0,0.02,0.04,0.06,0.08,0.1,0.14,0.18,0.22,0.26,0.3,0.4,0.5,0.6,0.7,0.8,1.0,1.2,1.4,1.6,1.8,2.12,2.44,2.76,3.08,3.4,3.76,4.12,4.48,4.84,5.2,5.48,5.76,6.04,6.32,6.6,6.98,7.36,7.74,8.12,8.5,8.92,9.34,9.76,10.18,10.6,10.98,11.36,11.74,12.12,12.5,12.9,13.3,13.7,14.1,14.5
Niger,0.0,0.0,0.0,0.0,0.0,0.0,0.0,0.0,0.0,0.0,0.0,0.0,0.0,0.0,0.0,0.0,0.02,0.04,0.06,0.08,0.1,0.1,0.1,0.1,0.1,0.1,0.14,0.18,0.22,0.26,0.3,0.32,0.34,0.36,0.38,0.4,0.44,0.48,0.52,0.56,0.6,0.64,0.68,0.72,0.76,0.8,0.82,0.84,0.86,0.88,0.9,1.0,1.1,1.2,1.3,1.4
Nigeria,0.0,0.0,0.0,0.0,0.0,0.0,0.0,0.0,0.0,0.0,0.0,0.02,0.04,0.06,0.08,0.1,0.14,0.18,0.22,0.26,0.3,0.44,0.58,0.72,0.86,1.0,1.26,1.52,1.78,2.04,2.3,2.62,2.94,3.26,3.58,3.9,4.36,4.82,5.28,5.74,6.2,6.84,7.48,8.12,8.76,9.4,10.12,10.84,11.56,12.28,13.0,13.5,14.0,14.5,15.0,15.5
Norway,8.6,8.86,9.12,9.38,9.64,9.9,10.46,11.02,11.58,12.14,12.7,13.54,14.38,15.22,16.06,16.9,17.94,18.98,20.02,21.06,22.1,22.96,23.82,24.68,25.54,26.4,27.12,27.84,28.56,29.28,30.0,30.78,31.56,32.34,33.12,33.9,34.66,35.42,36.18,36.94,37.7,38.36,39.02,39.68,40.34,41.0,41.56,42.12,42.68,43.24,43.8,44.42,45.04,45.66,46.28,46.9
Occupied Palestinian Territory,0.3,0.46,0.62,0.78,0.94,1.1,1.42,1.74,2.06,2.38,2.7,3.12,3.54,3.96,4.38,4.8,5.3,5.8,6.3,6.8,7.3,8.0,8.7,9.4,10.1,10.8,11.36,11.92,12.48,13.04,13.6,14.08,14.56,15.04,15.52,16.0,16.38,16.76,17.14,17.52,17.9,18.44,18.98,19.52,20.06,20.6,21.32,22.04,22.76,23.48,24.2,24.9,25.6,26.3,27.0,27.7
Oman,0.0,0.0,0.0,0.0,0.0,0.0,0.02,0.04,0.06,0.08,0.1,0.18,0.26,0.34,0.42,0.5,0.72,0.94,1.16,1.38,1.6,1.94,2.28,2.62,2.96,3.3,3.78,4.26,4.74,5.22,5.7,6.36,7.02,7.68,8.34,9.0,9.58,10.16,10.74,11.32,11.9,13.08,14.26,15.44,16.62,17.8,18.52,19.24,19.96,20.68,21.4,22.04,22.68,23.32,23.96,24.6
Pakistan,0.0,0.02,0.04,0.06,0.08,0.1,0.12,0.14,0.16,0.18,0.2,0.24,0.28,0.32,0.36,0.4,0.48,0.56,0.64,0.72,0.8,0.92,1.04,1.16,1.28,1.4,1.56,1.72,1.88,2.04,2.2,2.42,2.64,2.86,3.08,3.3,3.66,4.02,4.38,4.74,5.1,5.38,5.66,5.94,6.22,6.5,6.74,6.98,7.22,7.46,7.7,7.98,8.26,8.54,8.82,9.1
Panama,0.6,0.7,0.8,0.9,1.0,1.1,1.28,1.46,1.64,1.82,2.0,2.28,2.56,2.84,3.12,3.4,3.92,4.44,4.96,5.48,6.0,6.62,7.24,7.86,8.48,9.1,9.66,10.22,10.78,11.34,11.9,12.48,13.06,13.64,14.22,14.8,15.38,15.96,16.54,17.12,17.7,18.18,18.66,19.14,19.62,20.1,20.68,21.26,21.84,22.42,23.0,23.82,24.64,25.46,26.28,27.1
Papua New Guinea,0.0,0.0,0.0,0.0,0.0,0.0,0.0,0.0,0.0,0.0,0.0,0.0,0.0,0.0,0.0,0.0,0.0,0.0,0.0,0.0,0.0,0.0,0.0,0.0,0.0,0.0,0.0,0.0,0.0,0.0,0.0,0.0,0.0,0.0,0.0,0.0,0.0,0.0,0.0,0.0,0.0,0.0,0.0,0.0,0.0,0.0,0.0,0.0,0.0,0.0,0.0,1.62,3.24,4.86,6.48,8.1
Paraguay,0.4,0.48,0.56,0.64,0.72,0.8,0.9,1.0,1.1,1.2,1.3,1.44,1.58,1.72,1.86,2.0,2.24,2.48,2.72,2.96,3.2,3.56,3.92,4.28,4.64,5.0,5.44,5.88,6.32,6.76,7.2,7.78,8.36,8.94,9.52,10.1,10.7,11.3,11.9,12.5,13.1,13.46,13.82,14.18,14.54,14.9,15.28,15.66,16.04,16.42,16.8,17.16,17.52,17.88,18.24,18.6
Peru,1.3,1.5,1.7,1.9,2.1,2.3,2.58,2.86,3.14,3.42,3.7,4.1,4.5,4.9,5.3,5.7,6.18,6.66,7.14,7.62,8.1,8.62,9.14,9.66,10.18,10.7,11.22,11.74,12.26,12.78,13.3,13.8,14.3,14.8,15.3,15.8,16.26,16.72,17.18,17.64,18.1,18.44,18.78,19.12,19.46,19.8,20.66,21.52,22.38,23.24,24.1,24.96,25.82,26.68,27.54,28.4
Philippines,1.3,1.52,1.74,1.96,2.18,2.4,2.64,2.88,3.12,3.36,3.6,3.86,4.12,4.38,4.64,4.9,5.2,5.5,5.8,6.1,6.4,6.92,7.44,7.96,8.48,9.0,9.56,10.12,10.68,11.24,11.8,12.24,12.68,13.12,13.56,14.0,14.24,14.48,14.72,14.96,15.2,15.88,16.56,17.24,17.92,18.6,19.28,19.96,20.64,21.32,22.0,22.68,23.36,24.04,24.72,25.4
Poland,5.5,5.88,6.26,6.64,7.02,7.4,7.92,8.44,8.96,9.48,10.0,10.6,11.2,11.8,12.4,13.0,13.58,14.16,14.74,15.32,15.9,16.38,16.86,17.34,17.82,18.3,18.74,19.18,19.62,20.06,20.5,21.36,22.22,23.08,23.94,24.8,26.32,27.84,29.36,30.88,32.4,33.02,33.64,34.26,34.88,35.5,35.76,36.02,36.28,36.54,36.8,37.66,38.52,39.38,40.24,41.1
Portugal,0.1,0.14,0.18,0.22,0.26,0.3,0.38,0.46,0.54,0.62,0.7,0.9,1.1,1.3,1.5,1.7,2.16,2.62,3.08,3.54,4.0,4.72,5.44,6.16,6.88,7.6,8.42,9.24,10.06,10.88,11.7,12.58,13.46,14.34,15.22,16.1,16.98,17.86,18.74,19.62,20.5,21.28,22.06,22.84,23.62,24.4,25.24,26.08,26.92,27.76,28.6,29.72,30.84,31.96,33.08,34.2
Puerto Rico,4.0,4.6,5.2,5.8,6.4,7.0,7.94,8.88,9.82,10.76,11.7,12.42,13.14,13.86,14.58,15.3,15.6,15.9,16.2,16.5,16.8,17.02,17.24,17.46,17.68,17.9,18.44,18.98,19.52,20.06,20.6,21.32,22.04,22.76,23.48,24.2,24.94,25.68,26.42,27.16,27.9,28.58,29.26,29.94,30.62,31.3,32.02,32.74,33.46,34.18,34.9,36.14,37.38,38.62,39.86,41.1
Qatar,1.2,1.54,1.88,2.22,2.56,2.9,3.48,4.06,4.64,5.22,5.8,6.44,7.08,7.72,8.36,9.0,9.32,9.64,9.96,10.28,10.6,11.24,11.88,12.52,13.16,13.8,14.16,14.52,14.88,15.24,15.6,15.72,15.84,15.96,16.08,16.2,16.0,15.8,15.6,15.4,15.2,15.14,15.08,15.02,14.96,14.9,14.6,14.3,14.0,13.7,13.4,13.98,14.56,15.14,15.72,16.3
South Korea,2.1,2.54,2.98,3.42,3.86,4.3,4.94,5.58,6.22,6.86,7.5,8.28,9.06,9.84,10.62,11.4,12.24,13.08,13.92,14.76,15.6,17.1,18.6,20.1,21.6,23.1,24.94,26.78,28.62,30.46,32.3,33.66,35.02,36.38,37.74,39.1,40.72,42.34,43.96,45.58,47.2,49.1,51.0,52.9,54.8,56.7,57.52,58.34,59.16,59.98,60.8,62.06,63.32,64.58,65.84,67.1
Moldova,0.9,1.42,1.94,2.46,2.98,3.5,4.1,4.7,5.3,5.9,6.5,7.28,8.06,8.84,9.62,10.4,10.72,11.04,11.36,11.68,12.0,12.28,12.56,12.84,13.12,13.4,13.46,13.52,13.58,13.64,13.7,13.62,13.54,13.46,13.38,13.3,13.38,13.46,13.54,13.62,13.7,14.24,14.78,15.32,15.86,16.4,16.58,16.76,16.94,17.12,17.3,17.48,17.66,17.84,18.02,18.2
Reunion,0.4,0.5,0.6,0.7,0.8,0.9,1.12,1.34,1.56,1.78,2.0,2.32,2.64,2.96,3.28,3.6,4.04,4.48,4.92,5.36,5.8,6.26,6.72,7.18,7.64,8.1,8.6,9.1,9.6,10.1,10.6,11.16,11.72,12.28,12.84,13.4,14.1,14.8,15.5,16.2,16.9,17.88,18.86,19.84,20.82,21.8,22.16,22.52,22.88,23.24,23.6,24.0,24.4,24.8,25.2,25.6
Romania,2.3,2.56,2.82,3.08,3.34,3.6,4.1,4.6,5.1,5.6,6.1,6.8,7.5,8.2,8.9,9.6,10.3,11.0,11.7,12.4,13.1,13.8,14.5,15.2,15.9,16.6,16.94,17.28,17.62,17.96,18.3,18.84,19.38,19.92,20.46,21.0,22.0,23.0,24.0,25.0,26.0,27.0,28.0,29.0,30.0,31.0,31.0,31.0,31.0,31.0,31.0,31.68,32.36,33.04,33.72,34.4
Russia,7.1,8.34,9.58,10.82,12.06,13.3,14.34,15.38,16.42,17.46,18.5,19.08,19.66,20.24,20.82,21.4,21.5,21.6,21.7,21.8,21.9,22.06,22.22,22.38,22.54,22.7,23.18,23.66,24.14,24.62,25.1,25.52,25.94,26.36,26.78,27.2,27.76,28.32,28.88,29.44,30.0,30.94,31.88,32.82,33.76,34.7,35.02,35.34,35.66,35.98,36.3,36.7,37.1,37.5,37.9,38.3
Rwanda,0.0,0.0,0.0,0.0,0.0,0.0,0.0,0.0,0.0,0.0,0.0,0.0,0.0,0.0,0.0,0.0,0.0,0.0,0.0,0.0,0.0,0.0,0.0,0.0,0.0,0.0,0.04,0.08,0.12,0.16,0.2,0.24,0.28,0.32,0.36,0.4,0.48,0.56,0.64,0.72,0.8,1.02,1.24,1.46,1.68,1.9,2.22,2.54,2.86,3.18,3.5,3.5,3.5,3.5,3.5,3.5
St. Lucia,0.1,0.12,0.14,0.16,0.18,0.2,0.26,0.32,0.38,0.44,0.5,0.62,0.74,0.86,0.98,1.1,1.36,1.62,1.88,2.14,2.4,2.84,3.28,3.72,4.16,4.6,5.22,5.84,6.46,7.08,7.7,8.58,9.46,10.34,11.22,12.1,13.12,14.14,15.16,16.18,17.2,17.96,18.72,19.48,20.24,21.0,21.38,21.76,22.14,22.52,22.9,23.52,24.14,24.76,25.38,26.0
St. Vincent and the Grenadines,0.3,0.36,0.42,0.48,0.54,0.6,0.72,0.84,0.96,1.08,1.2,1.44,1.68,1.92,2.16,2.4,2.76,3.12,3.48,3.84,4.2,4.66,5.12,5.58,6.04,6.5,6.94,7.38,7.82,8.26,8.7,9.14,9.58,10.02,10.46,10.9,11.02,11.14,11.26,11.38,11.5,11.9,12.3,12.7,13.1,13.5,13.92,14.34,14.76,15.18,15.6,16.0,16.4,16.8,17.2,17.6
Samoa,0.8,1.0,1.2,1.4,1.6,1.8,2.16,2.52,2.88,3.24,3.6,4.04,4.48,4.92,5.36,5.8,6.4,7.0,7.6,8.2,8.8,9.54,10.28,11.02,11.76,12.5,12.74,12.98,13.22,13.46,13.7,13.78,13.86,13.94,14.02,14.1,14.08,14.06,14.04,14.02,14.0,14.4,14.8,15.2,15.6,16.0,16.4,16.8,17.2,17.6,18.0,18.4,18.8,19.2,19.6,20.0
Sao Tome and Principe,0.0,0.0,0.0,0.0,0.0,0.0,0.0,0.0,0.0,0.0,0.0,0.0,0.0,0.0,0.0,0.0,0.0,0.0,0.0,0.0,0.0,0.0,0.0,0.0,0.0,0.0,0.0,0.0,0.0,0.0,0.0,0.02,0.04,0.06,0.08,0.1,0.14,0.18,0.22,0.26,0.3,0.36,0.42,0.48,0.54,0.6,0.62,0.64,0.66,0.68,0.7,0.82,0.94,1.06,1.18,1.3
Saudi Arabia,0.2,0.24,0.28,0.32,0.36,0.4,0.46,0.52,0.58,0.64,0.7,0.88,1.06,1.24,1.42,1.6,1.96,2.32,2.68,3.04,3.4,3.9,4.4,4.9,5.4,5.9,6.7,7.5,8.3,9.1,9.9,11.14,12.38,13.62,14.86,16.1,17.48,18.86,20.24,21.62,23.0,24.4,25.8,27.2,28.6,30.0,30.96,31.92,32.88,33.84,34.8,35.82,36.84,37.86,38.88,39.9
Senegal,0.0,0.04,0.08,0.12,0.16,0.2,0.3,0.4,0.5,0.6,0.7,0.84,0.98,1.12,1.26,1.4,1.52,1.64,1.76,1.88,2.0,2.08,2.16,2.24,2.32,2.4,2.46,2.52,2.58,2.64,2.7,2.74,2.78,2.82,2.86,2.9,2.9,2.9,2.9,2.9,2.9,3.04,3.18,3.32,3.46,3.6,3.76,3.92,4.08,4.24,4.4,4.52,4.64,4.76,4.88,5.0
Serbia,7.0,7.48,7.96,8.44,8.92,9.4,9.94,10.48,11.02,11.56,12.1,12.6,13.1,13.6,14.1,14.6,15.0,15.4,15.8,16.2,16.6,17.04,17.48,17.92,18.36,18.8,18.92,19.04,19.16,19.28,19.4,19.46,19.52,19.58,19.64,19.7,20.18,20.66,21.14,21.62,22.1,22.12,22.14,22.16,22.18,22.2,22.04,21.88,21.72,21.56,21.4,22.24,23.08,23.92,24.76,25.6
Seychelles,0.0,0.0,0.0,0.0,0.0,0.0,0.0,0.0,0.0,0.0,0.0,0.0,0.0,0.0,0.0,0.0,0.0,0.0,0.0,0.0,0.0,0.0,0.0,0.0,0.0,0.0,0.0,0.0,0.0,0.0,0.0,0.0,0.0,0.0,0.0,0.0,0.0,0.0,0.0,0.0,0.0,0.0,0.0,0.0,0.0,0.0,0.0,0.0,0.0,0.0,0.0,5.06,10.12,15.18,20.24,25.3
Sierra Leone,0.0,0.02,0.04,0.06,0.08,0.1,0.12,0.14,0.16,0.18,0.2,0.26,0.32,0.38,0.44,0.5,0.58,0.66,0.74,0.82,0.9,1.02,1.14,1.26,1.38,1.5,1.62,1.74,1.86,1.98,2.1,2.2,2.3,2.4,2.5,2.6,2.66,2.72,2.78,2.84,2.9,2.88,2.86,2.84,2.82,2.8,2.96,3.12,3.28,3.44,3.6,3.74,3.88,4.02,4.16,4.3
Singapore,1.0,1.32,1.64,1.96,2.28,2.6,3.34,4.08,4.82,5.56,6.3,7.64,8.98,10.32,11.66,13.0,14.7,16.4,18.1,19.8,21.5,23.3,25.1,26.9,28.7,30.5,32.54,34.58,36.62,38.66,40.7,43.76,46.82,49.88,52.94,56.0,58.54,61.08,63.62,66.16,68.7,70.3,71.9,73.5,75.1,76.7,78.26,79.82,81.38,82.94,84.5,84.64,84.78,84.92,85.06,85.2
Slovak Republic,7.4,8.04,8.68,9.32,9.96,10.6,11.04,11.48,11.92,12.36,12.8,13.06,13.32,13.58,13.84,14.1,14.4,14.7,15.0,15.3,15.6,15.92,16.24,16.56,16.88,17.2,17.56,17.92,18.28,18.64,19.0,19.34,19.68,20.02,20.36,20.7,21.42,22.14,22.86,23.58,24.3,25.4,26.5,27.6,28.7,29.8,29.6,29.4,29.2,29.0,28.8,29.42,30.04,30.66,31.28,31.9
Slovenia,12.0,12.12,12.24,12.36,12.48,12.6,12.78,12.96,13.14,13.32,13.5,13.54,13.58,13.62,13.66,13.7,13.84,13.98,14.12,14.26,14.4,14.78,15.16,15.54,15.92,16.3,16.96,17.62,18.28,18.94,19.6,20.08,20.56,21.04,21.52,22.0,22.32,22.64,22.96,23.28,23.6,24.0,24.4,24.8,25.2,25.6,26.1,26.6,27.1,27.6,28.1,28.92,29.74,30.56,31.38,32.2
Solomon Islands,0.2,0.2,0.2,0.2,0.2,0.2,0.24,0.28,0.32,0.36,0.4,0.4,0.4,0.4,0.4,0.4,0.46,0.52,0.58,0.64,0.7,0.84,0.98,1.12,1.26,1.4,1.62,1.84,2.06,2.28,2.5,2.82,3.14,3.46,3.78,4.1,4.2,4.3,4.4,4.5,4.6,4.74,4.88,5.02,5.16,5.3,5.52,5.74,5.96,6.18,6.4,6.72,7.04,7.36,7.68,8.0
Somalia,0.0,0.0,0.0,0.0,0.0,0.0,0.0,0.0,0.0,0.0,0.0,0.02,0.04,0.06,0.08,0.1,0.12,0.14,0.16,0.18,0.2,0.26,0.32,0.38,0.44,0.5,0.62,0.74,0.86,0.98,1.1,1.2,1.3,1.4,1.5,1.6,1.58,1.56,1.54,1.52,1.5,1.52,1.54,1.56,1.58,1.6,1.72,1.84,1.96,2.08,2.2,2.3,2.4,2.5,2.6,2.7
South Africa,0.3,0.32,0.34,0.36,0.38,0.4,0.42,0.44,0.46,0.48,0.5,0.54,0.58,0.62,0.66,0.7,0.78,0.86,0.94,1.02,1.1,1.22,1.34,1.46,1.58,1.7,1.9,2.1,2.3,2.5,2.7,2.98,3.26,3.54,3.82,4.1,4.38,4.66,4.94,5.22,5.5,5.68,5.86,6.04,6.22,6.4,6.38,6.36,6.34,6.32,6.3,6.68,7.06,7.44,7.82,8.2
South Sudan,0.0,0.0,0.0,0.0,0.0,0.0,0.0,0.0,0.0,0.0,0.0,0.0,0.0,0.0,0.0,0.0,0.0,0.0,0.0,0.0,0.0,0.02,0.04,0.06,0.08,0.1,0.12,0.14,0.16,0.18,0.2,0.26,0.32,0.38,0.44,0.5,0.6,0.7,0.8,0.9,1.0,1.14,1.28,1.42,1.56,1.7,1.9,2.1,2.3,2.5,2.7,2.82,2.94,3.06,3.18,3.3
Spain,1.6,1.88,2.16,2.44,2.72,3.0,3.52,4.04,4.56,5.08,5.6,6.3,7.0,7.7,8.4,9.1,9.96,10.82,11.68,12.54,13.4,14.32,15.24,16.16,17.08,18.0,18.92,19.84,20.76,21.68,22.6,23.46,24.32,25.18,26.04,26.9,27.62,28.34,29.06,29.78,30.5,31.08,31.66,32.24,32.82,33.4,33.98,34.56,35.14,35.72,36.3,37.68,39.06,40.44,41.82,43.2
Sri Lanka,1.3,1.54,1.78,2.02,2.26,2.5,2.8,3.1,3.4,3.7,4.0,4.26,4.52,4.78,5.04,5.3,5.58,5.86,6.14,6.42,6.7,7.08,7.46,7.84,8.22,8.6,9.18,9.76,10.34,10.92,11.5,12.3,13.1,13.9,14.7,15.5,16.72,17.94,19.16,20.38,21.6,22.28,22.96,23.64,24.32,25.0,25.66,26.32,26.98,27.64,28.3,29.0,29.7,30.4,31.1,31.8
Sudan,0.0,0.0,0.0,0.0,0.0,0.0,0.0,0.0,0.0,0.0,0.0,0.04,0.08,0.12,0.16,0.2,0.26,0.32,0.38,0.44,0.5,0.66,0.82,0.98,1.14,1.3,1.58,1.86,2.14,2.42,2.7,3.06,3.42,3.78,4.14,4.5,4.9,5.3,5.7,6.1,6.5,6.94,7.38,7.82,8.26,8.7,8.98,9.26,9.54,9.82,10.1,10.7,11.3,11.9,12.5,13.1
Suriname,0.2,0.24,0.28,0.32,0.36,0.4,0.48,0.56,0.64,0.72,0.8,0.98,1.16,1.34,1.52,1.7,1.92,2.14,2.36,2.58,2.8,3.04,3.28,3.52,3.76,4.0,4.26,4.52,4.78,5.04,5.3,5.44,5.58,5.72,5.86,6.0,6.08,6.16,6.24,6.32,6.4,6.6,6.8,7.0,7.2,7.4,7.58,7.76,7.94,8.12,8.3,8.46,8.62,8.78,8.94,9.1
Eswatini,0.0,0.02,0.04,0.06,0.08,0.1,0.2,0.3,0.4,0.5,0.6,0.8,1.0,1.2,1.4,1.6,1.94,2.28,2.62,2.96,3.3,3.78,4.26,4.74,5.22,5.7,6.12,6.54,6.96,7.38,7.8,8.12,8.44,8.76,9.08,9.4,9.58,9.76,9.94,10.12,10.3,9.78,9.26,8.74,8.22,7.7,8.38,9.06,9.74,10.42,11.1,11.78,12.46,13.14,13.82,14.5
Sweden,5.3,5.94,6.58,7.22,7.86,8.5,9.5,10.5,11.5,12.5,13.5,14.78,16.06,17.34,18.62,19.9,21.2,22.5,23.8,25.1,26.4,27.3,28.2,29.1,30.0,30.9,31.64,32.38,33.12,33.86,34.6,35.4,36.2,37.0,37.8,38.6,39.4,40.2,41.0,41.8,42.6,42.54,42.48,42.42,42.36,42.3,42.32,42.34,42.36,42.38,42.4,43.08,43.76,44.44,45.12,45.8
Switzerland,7.9,8.44,8.98,9.52,10.06,10.6,11.18,11.76,12.34,12.92,13.5,13.84,14.18,14.52,14.86,15.2,15.5,15.8,16.1,16.4,16.7,17.08,17.46,17.84,18.22,18.6,19.14,19.68,20.22,20.76,21.3,21.9,22.5,23.1,23.7,24.3,24.94,25.58,26.22,26.86,27.5,28.2,28.9,29.6,30.3,31.0,31.78,32.56,33.34,34.12,34.9,35.82,36.74,37.66,38.58,39.5
Syria,0.0,0.04,0.08,0.12,0.16,0.2,0.26,0.32,0.38,0.44,0.5,0.66,0.82,0.98,1.14,1.3,1.58,1.86,2.14,2.42,2.7,3.18,3.66,4.14,4.62,5.1,5.58,6.06,6.54,7.02,7.5,7.84,8.18,8.52,8.86,9.2,9.32,9.44,9.56,9.68,9.8,9.86,9.92,9.98,10.04,10.1,10.84,11.58,12.32,13.06,13.8,14.52,15.24,15.96,16.68,17.4
Taiwan,1.1,1.26,1.42,1.58,1.74,1.9,2.32,2.74,3.16,3.58,4.0,4.66,5.32,5.98,6.64,7.3,8.44,9.58,10.72,11.86,13.0,14.52,16.04,17.56,19.08,20.6,22.18,23.76,25.34,26.92,28.5,30.24,31.98,33.72,35.46,37.2,39.12,41.04,42.96,44.88,46.8,48.12,49.44,50.76,52.08,53.4,54.5,55.6,56.7,57.8,58.9,59.8,60.7,61.6,62.5,63.4
Tajikistan,1.9,2.3,2.7,3.1,3.5,3.9,4.36,4.82,5.28,5.74,6.2,6.72,7.24,7.76,8.28,8.8,9.22,9.64,10.06,10.48,10.9,11.46,12.02,12.58,13.14,13.7,14.32,14.94,15.56,16.18,16.8,17.1,17.4,17.7,18.0,18.3,18.34,18.38,18.42,18.46,18.5,18.9,19.3,19.7,20.1,20.5,20.9,21.3,21.7,22.1,22.5,22.88,23.26,23.64,24.02,24.4
Thailand,0.0,0.04,0.08,0.12,0.16,0.2,0.26,0.32,0.38,0.44,0.5,0.64,0.78,0.92,1.06,1.2,1.48,1.76,2.04,2.32,2.6,2.92,3.24,3.56,3.88,4.2,4.52,4.84,5.16,5.48,5.8,6.44,7.08,7.72,8.36,9.0,10.14,11.28,12.42,13.56,14.7,15.96,17.22,18.48,19.74,21.0,21.86,22.72,23.58,24.44,25.3,26.14,26.98,27.82,28.66,29.5
North Macedonia,0.6,0.92,1.24,1.56,1.88,2.2,2.82,3.44,4.06,4.68,5.3,6.0,6.7,7.4,8.1,8.8,9.36,9.92,10.48,11.04,11.6,11.72,11.84,11.96,12.08,12.2,12.2,12.2,12.2,12.2,12.2,12.08,11.96,11.84,11.72,11.6,11.42,11.24,11.06,10.88,10.7,10.98,11.26,11.54,11.82,12.1,12.7,13.3,13.9,14.5,15.1,15.3,15.5,15.7,15.9,16.1
Timor-Leste,0.0,0.0,0.0,0.0,0.0,0.0,0.0,0.0,0.0,0.0,0.0,0.0,0.0,0.0,0.0,0.0,0.0,0.0,0.0,0.0,0.0,0.04,0.08,0.12,0.16,0.2,0.34,0.48,0.62,0.76,0.9,1.22,1.54,1.86,2.18,2.5,3.1,3.7,4.3,4.9,5.5,6.16,6.82,7.48,8.14,8.8,9.5,10.2,10.9,11.6,12.3,12.98,13.66,14.34,15.02,15.7
Togo,0.0,0.0,0.0,0.0,0.0,0.0,0.0,0.0,0.0,0.0,0.0,0.02,0.04,0.06,0.08,0.1,0.18,0.26,0.34,0.42,0.5,0.68,0.86,1.04,1.22,1.4,1.66,1.92,2.18,2.44,2.7,2.78,2.86,2.94,3.02,3.1,3.06,3.02,2.98,2.94,2.9,2.88,2.86,2.84,2.82,2.8,3.12,3.44,3.76,4.08,4.4,5.0,5.6,6.2,6.8,7.4
Tonga,0.2,0.26,0.32,0.38,0.44,0.5,0.62,0.74,0.86,0.98,1.1,1.28,1.46,1.64,1.82,2.0,2.34,2.68,3.02,3.36,3.7,4.2,4.7,5.2,5.7,6.2,6.98,7.76,8.54,9.32,10.1,10.66,11.22,11.78,12.34,12.9,13.14,13.38,13.62,13.86,14.1,14.18,14.26,14.34,14.42,14.5,14.92,15.34,15.76,16.18,16.6,17.0,17.4,17.8,18.2,18.6
Trinidad and Tobago,0.2,0.28,0.36,0.44,0.52,0.6,0.8,1.0,1.2,1.4,1.6,2.06,2.52,2.98,3.44,3.9,4.52,5.14,5.76,6.38,7.0,7.82,8.64,9.46,10.28,11.1,12.2,13.3,14.4,15.5,16.6,17.72,18.84,19.96,21.08,22.2,22.94,23.68,24.42,25.16,25.9,26.44,26.98,27.52,28.06,28.6,29.14,29.68,30.22,30.76,31.3,31.8,32.3,32.8,33.3,33.8
Tunisia,0.0,0.0,0.0,0.0,0.0,0.0,0.02,0.04,0.06,0.08,0.1,0.16,0.22,0.28,0.34,0.4,0.56,0.72,0.88,1.04,1.2,1.42,1.64,1.86,2.08,2.3,2.58,2.86,3.14,3.42,3.7,4.0,4.3,4.6,4.9,5.2,5.66,6.12,6.58,7.04,7.5,8.64,9.78,10.92,12.06,13.2,15.02,16.84,18.66,20.48,22.3,23.08,23.86,24.64,25.42,26.2
Turkey,0.2,0.22,0.24,0.26,0.28,0.3,0.38,0.46,0.54,0.62,0.7,0.84,0.98,1.12,1.26,1.4,1.68,1.96,2.24,2.52,2.8,3.34,3.88,4.42,4.96,5.5,6.28,7.06,7.84,8.62,9.4,10.18,10.96,11.74,12.52,13.3,13.88,14.46,15.04,15.62,16.2,16.74,17.28,17.82,18.36,18.9,19.88,20.86,21.84,22.82,23.8,25.4,27.0,28.6,30.2,31.8
Turkmenistan,1.6,1.9,2.2,2.5,2.8,3.1,3.4,3.7,4.0,4.3,4.6,5.0,5.4,5.8,6.2,6.6,6.82,7.04,7.26,7.48,7.7,8.08,8.46,8.84,9.22,9.6,9.86,10.12,10.38,10.64,10.9,10.84,10.78,10.72,10.66,10.6,10.86,11.12,11.38,11.64,11.9,12.18,12.46,12.74,13.02,13.3,13.56,13.82,14.08,14.34,14.6,14.86,15.12,15.38,15.64,15.9
Uganda,0.1,0.12,0.14,0.16,0.18,0.2,0.26,0.32,0.38,0.44,0.5,0.58,0.66,0.74,0.82,0.9,0.98,1.06,1.14,1.22,1.3,1.4,1.5,1.6,1.7,1.8,1.88,1.96,2.04,2.12,2.2,2.28,2.36,2.44,2.52,2.6,2.52,2.44,2.36,2.28,2.2,2.38,2.56,2.74,2.92,3.1,3.26,3.42,3.58,3.74,3.9,4.08,4.26,4.44,4.62,4.8
Ukraine,8.4,9.38,10.36,11.34,12.32,13.3,14.04,14.78,15.52,16.26,17.0,17.36,17.72,18.08,18.44,18.8,18.68,18.56,18.44,18.32,18.2,18.08,17.96,17.84,17.72,17.6,17.56,17.52,17.48,17.44,17.4,17.34,17.28,17.22,17.16,17.1,17.06,17.02,16.98,16.94,16.9,17.36,17.82,18.28,18.74,19.2,19.64,20.08,20.52,20.96,21.4,21.86,22.32,22.78,23.24,23.7
United Arab Emirates,0.6,1.06,1.52,1.98,2.44,2.9,3.88,4.86,5.84,6.82,7.8,8.8,9.8,10.8,11.8,12.8,13.56,14.32,15.08,15.84,16.6,17.06,17.52,17.98,18.44,18.9,19.18,19.46,19.74,20.02,20.3,20.04,19.78,19.52,19.26,19.0,18.7,18.4,18.1,17.8,17.5,17.76,18.02,18.28,18.54,18.8,19.34,19.88,20.42,20.96,21.5,22.04,22.58,23.12,23.66,24.2
United Kingdom,11.2,11.58,11.96,12.34,12.72,13.1,13.64,14.18,14.72,15.26,15.8,16.48,17.16,17.84,18.52,19.2,19.9,20.6,21.3,22.0,22.7,23.36,24.02,24.68,25.34,26.0,26.76,27.52,28.28,29.04,29.8,30.48,31.16,31.84,32.52,33.2,33.82,34.44,35.06,35.68,36.3,36.62,36.94,37.26,37.58,37.9,38.38,38.86,39.34,39.82,40.3,41.38,42.46,43.54,44.62,45.7
Tanzania,0.0,0.0,0.0,0.0,0.0,0.0,0.04,0.08,0.12,0.16,0.2,0.24,0.28,0.32,0.36,0.4,0.48,0.56,0.64,0.72,0.8,0.84,0.88,0.92,0.96,1.0,1.02,1.04,1.06,1.08,1.1,1.1,1.1,1.1,1.1,1.1,1.18,1.26,1.34,1.42,1.5,1.78,2.06,2.34,2.62,2.9,3.22,3.54,3.86,4.18,4.5,4.66,4.82,4.98,5.14,5.3
United States,12.5,12.6,12.7,12.8,12.9,13.0,13.58,14.16,14.74,15.32,15.9,16.72,17.54,18.36,19.18,20.0,20.8,21.6,22.4,23.2,24.0,24.82,25.64,26.46,27.28,28.1,29.02,29.94,30.86,31.78,32.7,33.3,33.9,34.5,35.1,35.7,35.74,35.78,35.82,35.86,35.9,35.84,35.78,35.72,35.66,35.6,35.96,36.32,36.68,37.04,37.4,38.26,39.12,39.98,40.84,41.7
Virgin Islands (U.S.),0.0,0.0,0.0,0.0,0.0,0.0,0.0,0.0,0.0,0.0,0.0,0.0,0.0,0.0,0.0,0.0,0.0,0.0,0.0,0.0,0.0,0.0,0.0,0.0,0.0,0.0,0.0,0.0,0.0,0.0,0.0,0.0,0.0,0.0,0.0,0.0,0.0,0.0,0.0,0.0,0.0,0.0,0.0,0.0,0.0,0.0,0.0,0.0,0.0,0.0,0.0,5.3,10.6,15.9,21.2,26.5
Uruguay,0.9,1.04,1.18,1.32,1.46,1.6,1.8,2.0,2.2,2.4,2.6,2.82,3.04,3.26,3.48,3.7,3.88,4.06,4.24,4.42,4.6,4.78,4.96,5.14,5.32,5.5,5.66,5.82,5.98,6.14,6.3,6.42,6.54,6.66,6.78,6.9,6.98,7.06,7.14,7.22,7.3,7.46,7.62,7.78,7.94,8.1,8.22,8.34,8.46,8.58,8.7,9.36,10.02,10.68,11.34,12.0
Uzbekistan,0.0,0.0,0.0,0.0,0.0,0.0,0.0,0.0,0.0,0.0,0.0,0.0,0.0,0.0,0.0,0.0,0.0,0.0,0.0,0.0,0.0,0.0,0.0,0.0,0.0,0.0,0.0,0.0,0.0,0.0,0.0,0.0,0.0,0.0,0.0,0.0,0.0,0.0,0.0,0.0,0.0,0.0,0.0,0.0,0.0,0.0,0.0,0.0,0.0,0.0,0.0,4.88,9.76,14.64,19.52,24.4
Vanuatu,0.1,0.1,0.1,0.1,0.1,0.1,0.14,0.18,0.22,0.26,0.3,0.34,0.38,0.42,0.46,0.5,0.58,0.66,0.74,0.82,0.9,0.98,1.06,1.14,1.22,1.3,1.36,1.42,1.48,1.54,1.6,1.68,1.76,1.84,1.92,2.0,2.08,2.16,2.24,2.32,2.4,2.54,2.68,2.82,2.96,3.1,3.22,3.34,3.46,3.58,3.7,3.92,4.14,4.36,4.58,4.8
Venezuela,1.0,1.16,1.32,1.48,1.64,1.8,2.06,2.32,2.58,2.84,3.1,3.44,3.78,4.12,4.46,4.8,5.28,5.76,6.24,6.72,7.2,7.76,8.32,8.88,9.44,10.0,10.66,11.32,11.98,12.64,13.3,13.94,14.58,15.22,15.86,16.5,17.14,17.78,18.42,19.06,19.7,20.44,21.18,21.92,22.66,23.4,24.24,25.08,25.92,26.76,27.6,27.88,28.16,28.44,28.72,29.0
Vietnam,0.1,0.16,0.22,0.28,0.34,0.4,0.5,0.6,0.7,0.8,0.9,1.08,1.26,1.44,1.62,1.8,2.06,2.32,2.58,2.84,3.1,3.36,3.62,3.88,4.14,4.4,4.54,4.68,4.82,4.96,5.1,5.12,5.14,5.16,5.18,5.2,5.38,5.56,5.74,5.92,6.1,6.72,7.34,7.96,8.58,9.2,9.68,10.16,10.64,11.12,11.6,11.96,12.32,12.68,13.04,13.4
Western Sahara,0.0,0.0,0.0,0.0,0.0,0.0,0.0,0.0,0.0,0.0,0.0,0.0,0.0,0.0,0.0,0.0,0.0,0.0,0.0,0.0,0.0,0.0,0.0,0.0,0.0,0.0,0.0,0.0,0.0,0.0,0.0,0.0,0.0,0.0,0.0,0.0,0.0,0.0,0.0,0.0,0.0,0.0,0.0,0.0,0.0,0.0,0.0,0.0,0.0,0.0,0.0,1.02,2.04,3.06,4.08,5.1
World,2.7,2.92,3.14,3.36,3.58,3.8,3.96,4.12,4.28,4.44,4.6,4.92,5.24,5.56,5.88,6.2,6.42,6.64,6.86,7.08,7.3,7.64,7.98,8.32,8.66,9.0,9.3,9.6,9.9,10.2,10.5,10.74,10.98,11.22,11.46,11.7,12.1,12.5,12.9,13.3,13.7,14.22,14.74,15.26,15.78,16.3,16.88,17.46,18.04,18.62,19.2,19.7,20.2,20.7,21.2,21.7
Yemen,0.0,0.0,0.0,0.0,0.0,0.0,0.0,0.0,0.0,0.0,0.0,0.0,0.0,0.0,0.0,0.0,0.0,0.0,0.0,0.0,0.0,0.0,0.0,0.0,0.0,0.0,0.0,0.0,0.0,0.0,0.0,0.0,0.0,0.0,0.0,0.0,0.02,0.04,0.06,0.08,0.1,0.1,0.1,0.1,0.1,0.1,0.1,0.1,0.1,0.1,0.1,0.3,0.5,0.7,0.9,1.1
Zambia,2.8,3.1,3.4,3.7,4.0,4.3,4.66,5.02,5.38,5.74,6.1,6.44,6.78,7.12,7.46,7.8,8.0,8.2,8.4,8.6,8.8,8.86,8.92,8.98,9.04,9.1,9.06,9.02,8.98,8.94,8.9,8.94,8.98,9.02,9.06,9.1,9.12,9.14,9.16,9.18,9.2,9.38,9.56,9.74,9.92,10.1,10.28,10.46,10.64,10.82,11.0,11.48,11.96,12.44,12.92,13.4
Zimbabwe,0.6,0.76,0.92,1.08,1.24,1.4,1.52,1.64,1.76,1.88,2.0,2.06,2.12,2.18,2.24,2.3,2.38,2.46,2.54,2.62,2.7,2.9,3.1,3.3,3.5,3.7,4.08,4.46,4.84,5.22,5.6,6.0,6.4,6.8,7.2,7.6,7.94,8.28,8.62,8.96,9.3,9.36,9.42,9.48,9.54,9.6,9.14,8.68,8.22,7.76,7.3,7.84,8.38,8.92,9.46,10.0