Country,1960,1961,1962,1963,1964,1965,1966,1967,1968,1969,1970,1971,1972,1973,1974,1975,1976,1977,1978,1979,1980,1981,1982,1983,1984,1985,1986,1987,1988,1989,1990,1991,1992,1993,1994,1995,1996,1997,1998,1999,2000,2001,2002,2003,2004,2005,2006,2007,2008,2009,2010,2011,2012,2013,2014,2015,2016,2017,2018,2019,2020
Aruba,,,,,,,,,,,,,,,,,,,,,,,,,,,17200,20300,24300,27300,27900,29000,29000,29300,30000,29400,28700,29900,29900,29600,31200,29700,28100,28000,29700,29700,29700,30200,30100,26900,25900,26600,26200,27100,27000,28400,28800,29300,,,
Afghanistan,,,,,,,,,,,,,,,,,,,,,,,,,,,,,,,,,,,,,,,,,,,333,346,336,360,368,409,415,492,547,533,580,592,588,578,575,576,569,578,553
Angola,,,,,,,,,,,,,,,,,,,,,3550,3280,3160,3180,3250,3250,3230,3240,3320,3210,3000,2930,2670,1960,1930,2150,2360,2450,2490,2460,2450,2470,2720,2710,2900,3220,3460,3810,4080,3960,3990,3980,4170,4220,4270,4170,3920,3790,3600,3460,3210
Albania,,,,,,,,,,,,,,,,,,,,,1740,1800,1820,1800,1740,1740,1800,1750,1690,1810,1610,1160,1090,1200,1310,1490,1630,1460,1600,1820,1960,2140,2250,2380,2520,2680,2850,3050,3300,3430,3580,3680,3740,3780,3860,3950,4090,4250,4430,4550,4420
Andorra,,,,,,,,,,,35400,35200,36200,37100,37500,36200,36200,36100,35600,34500,34000,32700,31700,30900,30100,29500,29200,29600,29900,30100,30100,29600,28800,27500,27400,27600,28700,31300,32400,33600,34300,36000,36200,37600,39000,39800,40600,40400,37600,35400,34700,35000,33800,33200,34700,35800,37400,37700,38300,39000,34300
United Arab Emirates,,,,,,,,,,,,,,,,99500,99700,105000,91000,98600,112000,109000,95400,86200,85100,77700,62400,60900,55900,59200,66100,62900,61300,58700,59400,60200,60600,62300,59300,57900,60800,58500,56900,58000,58000,53900,51200,45400,40800,34600,32600,33300,34000,35500,37000,38700,39400,39800,39700,39800,
Argentina,7360,7640,7450,6950,7530,8200,8030,8160,8430,9110,9240,9610,9610,9730,10100,9940,9590,10100,9510,10300,10300,9630,9410,9660,9660,9010,9410,9520,9270,8480,8150,8770,9340,9970,10400,10000,10400,11100,11400,10900,10700,10100,8940,9630,10400,11200,12000,12900,13300,12400,13600,14200,13900,14100,13600,13800,13400,13600,13100,12700,11300
Armenia,,,,,,,,,,,,,,,,,,,,,,,,,,,,,,,1650,1470,872,814,879,959,1030,1080,1160,1210,1290,1420,1620,1860,2060,2360,2700,3090,3340,2880,2960,3100,3310,3410,3510,3610,3600,3860,4050,4350,4010
American Samoa,,,,,,,,,,,,,,,,,,,,,,,,,,,,,,,,,,,,,,,,,,,12600,12600,12700,12600,12200,12600,12400,12100,12300,12300,11800,11500,11700,12100,11900,11100,11500,11300,
Antigua and Barbuda,,,,,,,,,,,,,,,,,,5570,5830,6310,6830,7100,7090,7470,8230,8860,9890,10500,11100,11600,11900,12000,11900,12300,12800,12000,12500,12900,13300,13500,14100,13200,13200,13800,14400,15100,16800,18100,17800,15400,14000,13500,13800,13600,13900,14300,14900,15200,16200,16600,13800
Australia,20000,20100,19800,20700,21700,22500,22500,23700,24400,25600,26900,27100,27600,27900,28300,28400,28800,29500,29400,30300,30800,31300,31900,30800,31800,33000,33800,34100,35500,36300,37000,36400,36100,37200,38300,39300,40200,41400,42800,44500,45700,45900,47200,48000,49400,50300,50900,52600,53400,53300,53600,54200,55300,55800,56300,56800,57400,57800,58600,58900,58000
Austria,12000,12600,12900,13300,14100,14500,15200,15500,16100,17100,18100,18900,20000,20900,21600,21600,22700,23800,23800,25100,25500,25400,25900,26700,26700,27400,28000,28400,29300,30300,31300,32100,32400,32299,32900,33800,34500,35200,36400,37600,38800,39200,39600,39800,40600,41300,42500,43900,44400,42600,43300,44400,44500,44300,44200,44200,44600,45300,46300,46700,43600
Azerbaijan,,,,,,,,,,,,,,,,,,,,,,,,,,,,,,,2870,2810,2140,1620,1280,1120,1120,1180,1280,1370,1500,1640,1780,1950,2110,2670,3560,4410,4780,5120,5300,5150,5190,5430,5510,5500,5270,5230,5260,5350,5070
Burundi,285,241,258,264,275,279,285,316,308,296,353,357,331,350,343,341,361,394,380,377,371,406,391,395,385,418,420,431,440,434,439,450,445,409,387,351,319,311,322,315,307,306,311,298,303,296,302,302,307,308,313,316,319,325,328,306,294,286,282,278,271
Belgium,11700,12300,12900,13300,14100,14500,14800,15300,15900,16900,17800,18500,19400,20600,21500,21000,22100,22200,22900,23400,24400,24300,24500,24500,25200,25600,26000,26600,27800,28600,29400,29900,30200,29800,30700,31300,31700,32800,33400,34500,35700,35900,36400,36600,37700,38400,39100,40300,40100,39000,39800,39900,40000,40000,40400,41000,41300,41800,42400,42900,40000
Benin,679,691,657,677,710,735,747,740,753,759,758,731,761,771,779,723,711,728,718,745,775,829,824,766,804,840,833,797,800,754,795,801,797,814,803,824,833,854,862,882,906,926,940,943,956,944,953,981,1000,996,989,990,1010,1050,1090,1080,1080,1110,1160,1200,1210
Burkina Faso,242,248,260,253,255,261,258,276,280,281,276,276,277,273,291,294,313,308,315,320,315,321,343,336,322,340,358,348,359,357,345,367,358,360,355,365,394,408,426,444,440,456,462,484,491,518,534,540,554,554,582,603,623,639,647,653,672,694,719,739,733
Bangladesh,463,478,490,474,511,504,501,476,505,497,512,474,401,409,441,415,428,429,447,456,448,468,465,471,481,484,491,496,495,497,512,518,534,547,556,572,586,599,617,633,654,674,687,708,733,769,809,856,897,932,973,1020,1080,1130,1180,1250,1320,1400,1500,1600,1630
Bulgaria,,,,,,,,,,,,,,,,,,,,,3360,3510,3590,3700,3820,3920,4090,4330,4790,4690,4340,4010,3760,3740,3820,3940,4170,3600,3780,3480,3670,3890,4210,4460,4780,5160,5560,5960,6370,6200,6270,6460,6520,6580,6740,7060,7380,7690,7990,8340,8050
Bahrain,,,,,,,,,,,,,,,,,,,,,21500,19500,17500,18100,18500,17100,16800,17900,18500,17900,18200,19700,20400,22500,21900,22200,22500,22600,22900,23000,23200,22700,22300,22300,22400,22300,22100,22100,21800,21100,21000,20800,21200,22100,22700,22600,22600,22400,21700,21200,19300
Bahamas,20100,21200,22200,23400,24600,25900,27100,28500,29700,31200,28600,28300,26700,28100,23000,19200,19800,21100,23600,29100,30300,26900,28100,28400,31800,32700,32600,33000,33200,34800,33700,31700,29900,29400,29800,30700,31500,33300,31400,34900,35800,36200,36600,35500,35100,35700,35900,35700,34300,32299,32299,32000,32700,31500,31500,31300,31400,32100,32700,32800,27200
Bosnia and Herzegovina,,,,,,,,,,,,,,,,,,,,,,,,,,,,,,,,,,,619,769,1480,2000,2310,2530,2660,2780,2920,3040,3220,3500,3690,3910,4130,4030,4090,4180,4210,4390,4520,4730,4940,5150,5380,5580,5370
Belarus,,,,,,,,,,,,,,,,,,,,,,,,,,,,,,,2890,2850,2570,2370,2100,1890,1950,2180,2370,2460,2620,2750,2910,3140,3520,3880,4290,4680,5180,5200,5620,5930,6040,6100,6200,5950,5790,5940,6140,6270,6220
Belize,1200,1220,1240,1270,1290,1320,1340,1370,1420,1460,1490,1520,1640,1700,1900,1940,1910,2010,2140,2260,2510,2480,2420,2300,2280,2240,2270,2450,2620,2890,3150,3440,3790,3960,3890,3820,3750,3740,3740,3920,4280,4340,4420,4710,4810,4770,4870,4770,4810,4700,4730,4710,4710,4660,4750,4770,4670,4660,4710,4700,3970
Bermuda,37900,38800,39500,39000,42300,43300,48600,54000,54100,54900,57300,59700,61200,62600,63600,66500,72200,76200,77000,78400,83200,84600,79600,80500,80200,77900,82400,84800,87500,87100,86400,83800,84400,86400,86400,89500,91300,94900,97900,101000,109000,116000,113000,116000,118000,119000,125000,129000,126000,118000,116000,112000,106000,105000,101000,102000,102000,107000,107000,107000,
Bolivia,1290,1290,1340,1400,1430,1470,1540,1610,1710,1750,1800,1850,1950,2020,2040,2140,2190,2250,2240,2200,2120,2080,1960,1840,1800,1740,1660,1660,1680,1700,1740,1800,1790,1830,1870,1920,1960,2020,2080,2050,2060,2050,2070,2080,2130,2190,2250,2310,2410,2450,2510,2600,2690,2830,2940,3040,3120,3200,3290,3320,3020
Brazil,2630,2820,2880,2830,2840,2850,2890,2950,3200,3420,3630,3940,4310,4800,5110,5250,5630,5750,5790,6040,6440,6010,5910,5580,5740,6060,6410,6510,6380,6470,6160,6140,6010,6180,6410,6580,6620,6740,6660,6600,6790,6790,6900,6900,7210,7350,7560,7940,8260,8170,8700,8970,9060,9250,9210,8810,8460,8500,8580,8640,8230
Barbados,,,,,,,,,,,,,,,11600,11400,11800,12100,12700,13600,14100,13800,13100,13100,13600,13700,14300,14700,15100,15600,15000,14400,13500,13600,13800,14000,14500,15100,15600,15600,16200,15800,15900,16200,16300,16900,17800,18200,18200,17200,16800,16600,16500,16200,16200,16500,16900,17000,16800,16800,13800
Brunei,,,,,,,,,,,,,,,43300,41700,48100,51400,52900,62600,56300,43800,44200,43100,42200,40400,38200,37900,37200,35800,35200,35200,35900,35000,35100,35800,35900,34500,33600,33800,34100,34300,34900,35300,34900,34400,35500,35100,34000,33000,33400,34200,34100,32900,31700,31200,30000,30100,29800,30600,30700
Bhutan,,,,,,,,,,,,,,,,,,,,,402,450,454,489,498,504,544,680,691,724,786,777,813,832,875,932,971,1000,1040,1100,1110,1180,1280,1350,1410,1490,1570,1840,1910,2020,2240,2390,2480,2500,2610,2750,2940,3040,3100,3230,2980
Botswana,364,380,397,411,429,444,462,480,519,583,665,813,995,1170,1230,1280,1370,1470,1620,1750,1880,1980,2150,2350,2460,2540,2650,2850,3280,3570,3690,3850,3850,3830,3870,4040,4180,4420,4340,4660,4650,4580,4770,4910,4950,5080,5390,5720,5950,5380,5750,6010,6200,6830,7020,6800,6960,7020,7170,7230,6530
Central African Republic,653,674,638,623,624,618,610,625,621,652,655,652,643,645,676,667,689,701,693,659,613,586,612,545,580,588,596,556,555,556,532,516,469,458,466,486,455,467,477,483,460,470,477,442,459,455,467,479,480,514,532,550,576,365,364,377,391,404,413,418,411
Canada,,,,,,,,,,,,,,,,,,,,,,,,,,,,,,,,,,,,,,31200,31800,32800,34100,34200,35000,36000,37100,38600,39800,42100,42100,40400,41200,42000,42300,42800,43600,43600,43500,44300,44800,45000,42100
Switzerland,,,,,,,,,,,,,,,,,,,,,59900,60500,59400,59500,61100,63000,63900,64500,66100,68400,70200,68700,67900,67200,67500,67400,67400,68800,70700,71600,74000,74700,74100,73600,75100,76800,79400,81800,83000,80300,82000,82700,82800,83300,84300,84800,85600,86100,88000,88400,85700
Chile,3330,3430,3500,3630,3650,3610,3950,4020,4100,4190,4200,4520,4400,4110,4150,3560,3640,3950,4190,4480,4770,5010,4400,4120,4230,4330,4490,4710,4980,5380,5470,5800,6340,6650,6880,7380,7770,8240,8480,8340,8690,8870,9050,9320,9890,10300,10900,11300,11600,11300,11800,12400,12900,13300,13400,13600,13600,13600,13900,13900,13000
China,238,175,164,176,204,233,250,230,215,244,284,295,299,315,316,337,327,347,381,405,431,447,480,524,596,667,716,787,861,884,905,975,1100,1240,1380,1520,1650,1790,1910,2040,2190,2360,2560,2800,3060,3390,3800,4320,4710,5130,5650,6160,6610,7090,7570,8070,8570,9120,9690,10200,10400
Cote d'Ivoire,1650,1750,1710,1880,2130,1990,2140,2160,2340,2470,2610,2740,2730,2760,2750,2840,3060,3140,3330,3260,2780,2750,2640,2430,2270,2280,2270,2180,2120,2110,2010,1940,1870,1800,1750,1820,1890,1900,1940,1920,1830,1790,1720,1660,1650,1640,1630,1620,1630,1640,1630,1530,1650,1750,1860,1970,2060,2160,2250,2330,2310
Cameroon,881,874,881,894,906,903,923,803,833,853,857,864,865,887,956,1030,950,1050,1240,1280,1220,1380,1440,1490,1560,1630,1690,1600,1430,1360,1240,1150,1090,972,965,972,987,1010,1030,1050,1060,1070,1090,1110,1150,1140,1150,1180,1180,1180,1180,1200,1220,1250,1290,1330,1350,1360,1380,1400,1370
"Congo, Dem. Rep.",1260,1090,1290,1320,1260,1240,1280,1240,1250,1330,1290,1330,1300,1370,1370,1270,1170,1140,1050,1030,1020,1020,990,980,1010,987,1010,1010,982,940,850,750,646,537,498,485,467,430,414,387,351,334,334,342,354,364,371,381,392,390,404,418,433,454,481,497,493,495,507,513,501
"Congo, Rep.",1230,1300,1340,1250,1270,1280,1260,1250,1310,1370,1420,1480,1570,1640,1720,1800,1770,1560,1610,1720,1970,2250,2700,2770,2880,2770,2510,2440,2420,2420,2370,2370,2360,2270,2090,2110,2140,2070,2080,1970,2060,2080,2110,2070,2080,2170,2270,2050,2100,2270,2420,2410,2580,2500,2600,2450,2130,1990,1840,1800,1610
Colombia,1910,1940,1980,1990,2050,2060,2100,2130,2190,2270,2350,2430,2550,2660,2760,2760,2830,2880,3050,3150,3200,3200,3170,3150,3180,3210,3330,3440,3510,3560,3640,3640,3710,3840,3990,4120,4130,4200,4150,3910,3960,3970,4000,4100,4260,4400,4640,4890,4990,4990,5160,5470,5630,5870,6070,6180,6220,6210,6270,6390,5890
Comoros,,,,,,,,,,,,,,,,,,,,,1290,1300,1340,1370,1380,1380,1360,1340,1340,1260,1290,1180,1240,1250,1150,1160,1110,1120,1110,1100,1190,1190,1190,1180,1180,1180,1180,1170,1180,1190,1210,1230,1240,1260,1260,1240,1250,1270,1290,1280,1320
Cape Verde,,,,,,,,,,,,,,,,,,,,,606,647,652,700,713,761,770,792,828,860,849,840,907,959,1110,1240,1340,1460,1610,1760,1970,1980,2050,2110,2290,2410,2570,2920,3080,3000,3010,3090,3090,3070,3050,3040,3150,3230,3330,3480,2940
Costa Rica,3600,3530,3590,3700,3700,3870,4010,4110,4330,4440,4640,4830,5100,5360,5520,5490,5650,5990,6200,6340,6210,5910,5330,5340,5610,5500,5660,5770,5820,5990,6040,6020,6400,6680,6810,6920,6850,7050,7390,7540,7680,7810,7940,8160,8400,8610,9110,9730,10100,9840,10200,10600,10900,11100,11400,11600,12000,12400,12500,12700,12000
Cuba,,,,,,,,,,,2650,2830,2920,2970,2950,3190,3320,3580,3780,3800,3590,4280,4640,4870,5230,5280,5240,5060,5190,5170,4980,4410,3880,3290,3290,3360,3610,3690,3680,3890,4110,4220,4270,4420,4670,5180,5810,6240,6500,6600,6760,6940,7140,7320,7380,7690,7730,7860,8040,8030,
Cayman Islands,,,,,,,,,,,,,,,,,,,,,,,,,,,,,,,,,,,,,,,,,,,,,,,91300,91400,88500,79900,75900,75200,74700,74400,75200,76300,77700,79100,81400,83500,
Cyprus,,,,,,,,,,,,,,,,7360,8920,10400,11100,12200,12700,12800,13400,14100,15100,15700,16000,17000,18300,19400,20400,20100,21400,21000,21800,23200,23100,23400,24500,25500,26700,27400,28100,28500,29600,30600,31500,32400,32700,31200,31000,30400,28900,27000,26800,27900,29500,30800,32000,32500,30400
Czech Republic,,,,,,,,,,,,,,,,,,,,,,,,,,,,,,,11600,10300,10200,10200,10500,11200,11700,11700,11600,11800,12300,12700,13000,13400,14100,15000,15900,16700,17000,16200,16500,16800,16600,16600,17000,17800,18200,19100,19700,20200,19000
Germany,,,,,,,,,,,17900,18400,19100,20000,20100,20000,21100,21900,22500,23500,23800,23800,23800,24200,25000,25600,26200,26500,27400,28200,29500,30800,31100,30600,31200,31600,31800,32299,32900,33500,34500,35000,34900,34600,35000,35300,36700,37800,38300,36200,37700,40000,40100,40100,40800,41100,41700,42600,43000,43300,41300
Djibouti,,,,,,,,,,,,,,,,,,,,,,,,,,,,,,,,,,,,,,,,,,,,,,,,,,,,,,2390,2510,2660,2790,2890,3090,3280,3250
Dominica,,,,,,,,,,,,,,,,,,2890,3150,2550,2880,3190,3340,3450,3620,3710,4010,4300,4680,4700,4980,5050,5140,5230,5210,5360,5540,5690,5940,5990,6150,6140,5960,6310,6480,6500,6790,7210,7720,7630,7680,7660,7570,7490,7820,7600,7780,7230,7380,7620,6330
Denmark,18100,19100,20100,20000,21700,22500,23000,24000,25200,26700,26900,27500,28500,29500,29000,28500,30100,30600,31100,32299,32100,31900,33100,33900,35400,36800,38500,38600,38600,38800,39300,39700,40400,40300,42300,43300,44300,45600,46400,47600,49200,49500,49500,49600,50800,51800,53700,53900,53300,50500,51200,51600,51600,51800,52400,53300,54600,55700,56600,57600,56200
Dominican Republic,1380,1300,1470,1520,1570,1330,1460,1470,1430,1540,1770,1900,2040,2250,2320,2380,2480,2540,2530,2580,2720,2780,2760,2830,2800,2690,2730,2940,2950,3020,2800,2770,3030,3190,3220,3340,3480,3730,3920,4080,4210,4250,4380,4260,4300,4650,5010,5310,5410,5390,5770,5880,5970,6190,6550,6920,7300,7560,8000,8310,7680
Algeria,2170,1830,1430,1880,1940,2000,1850,1970,2120,2240,2370,2040,2530,2560,2670,2730,2880,2940,3120,3260,3190,3180,3280,3350,3430,3450,3370,3250,3130,3180,3120,3010,2990,2870,2780,2830,2900,2880,2990,3040,3110,3160,3300,3490,3590,3750,3760,3830,3860,3850,3920,3960,4010,4040,4110,4180,4220,4190,4160,4110,3820
Ecuador,2570,2630,2680,2660,2770,2780,2690,2740,2710,2750,2860,2950,3010,3340,3610,3890,4070,4020,4140,4190,4230,4350,4270,4150,4150,4210,4250,4140,4280,4220,4270,4350,4340,4330,4410,4410,4400,4490,4540,4240,4210,4300,4400,4440,4730,4890,5020,5050,5280,5220,5320,5650,5890,6080,6220,6120,5950,5980,5950,5850,5320
Egypt,762,780,789,849,922,942,964,947,908,933,962,979,986,999,993,1060,1170,1250,1330,1350,1450,1520,1630,1670,1780,1840,1870,1890,1950,1990,2050,2030,2070,2090,2130,2190,2250,2320,2410,2500,2610,2650,2660,2700,2760,2830,2970,3130,3290,3380,3490,3470,3470,3470,3490,3560,3640,3710,3830,3960,4030
Spain,6210,6880,7500,8150,8500,8930,9480,9770,10300,11100,11400,11800,12600,13500,14100,14000,14300,14600,14600,14500,14700,14600,14700,14900,15100,15400,15800,16700,17500,18300,19000,19400,19500,19200,19500,20000,20400,21100,21900,22800,23900,24700,25000,25300,25600,26100,26800,27200,27000,25800,25700,25400,24600,24400,24800,25700,26500,27200,27700,28100,24900
Estonia,,,,,,,,,,,,,,,,,,,,,,,,,,,,,,,,,,,,7130,7600,8690,9150,9090,9960,10600,11400,12400,13300,14600,16100,17500,16600,14200,14600,15700,16300,16500,17100,17400,17900,19000,19700,20400,19700
Ethiopia,,,,,,,,,,,,,,,,,,,,,,303,298,313,294,253,269,297,289,278,276,248,218,238,237,244,265,265,249,254,262,276,272,259,286,310,335,363,391,414,453,490,518,556,596,641,682,728,757,800,827
Finland,11400,12200,12500,12800,13400,14100,14300,14600,14800,16300,17100,17500,18700,19900,20500,20800,20800,20800,21300,22800,23900,24100,24700,25400,26000,26800,27500,28400,29800,31200,31300,29300,28100,27800,28800,29900,30900,32800,34500,35900,37900,38800,39300,40000,41500,42500,44100,46200,46300,42400,43500,44400,43600,43000,42700,42800,43900,45200,45600,46200,44800
Fiji,2200,2200,2200,2260,2300,2170,2110,2340,2470,2480,2730,2860,3010,3290,3310,3260,3290,3420,3420,3770,3630,3760,3450,3230,3420,3210,3430,3190,3210,3440,3620,3490,3660,3690,3820,3870,4010,3880,3890,4200,4110,4170,4300,4340,4560,4570,4620,4530,4530,4430,4520,4630,4680,4900,5170,5390,5500,5760,5940,5870,4720
France,11200,11600,12200,12800,13400,13900,14500,15100,15700,16600,17500,18300,19000,20000,20700,20400,21200,21800,22600,23300,23600,23700,24200,24300,24600,24800,25300,25800,26800,27800,28500,28700,29000,28700,29200,29700,30000,30600,31600,32500,33600,34000,34100,34200,34900,35200,35800,36500,36300,35100,35600,36200,36200,36200,36400,36600,36900,37700,38300,38900,35800
Faeroe Islands,,,,,,,,,,,,,,,,,,,,,,,,,,,,,,,,,,,,,,,,,,,,,,,,,,,,,,,,52400,,,,,
"Micronesia, Fed. Sts.",,,,,,,,,,,,,,,,,,,,,,,,,,,2480,2450,2460,2490,2520,2640,2680,2830,2760,2910,2800,2620,2700,2750,2890,2960,2980,3030,2950,3020,3040,3010,2970,3010,3080,3170,3080,2920,2820,2910,2900,2940,2920,2920,
Gabon,3390,3850,4090,4290,4420,4710,4840,4940,4960,5250,5590,6050,6610,7150,9790,11400,15200,13000,9640,9450,9460,9700,9160,9430,9870,9380,9060,7300,8010,8460,8660,8940,8430,8530,8620,8820,8910,9180,9270,8240,7890,7870,7660,7650,7510,7500,7090,7300,6850,6630,6860,7090,7180,7300,7350,7380,7310,7150,7020,7120,6860
Isle of Man,,,,,,,,,,,,,,,,,,,,,,,,,18500,18500,21700,23400,25600,26800,27500,27700,27800,28400,29500,30500,32600,34900,39000,43800,45500,47500,50000,52700,55000,57600,61300,65000,67300,68000,69900,71300,76800,80500,85200,85100,91000,93200,94700,,
United Kingdom,14900,15200,15200,15900,16600,16900,17000,17400,18300,18600,19100,19700,20500,21800,21200,20900,21500,22100,23000,23800,23300,23100,23600,24600,25100,26100,26800,28200,29800,30500,30600,30200,30200,30900,32000,32700,33400,35000,36200,37300,38500,39300,40000,41200,41900,42800,43700,44300,43900,41700,42300,42500,42800,43400,44300,45000,45500,45900,46200,46600,41800
Georgia,,,,,,1800,1910,2010,2080,2160,2400,2430,2470,2610,2820,3000,3160,3360,3590,3820,3960,4140,4180,4330,4520,4700,4280,4300,4490,4160,3550,2780,1520,1070,970,1030,1190,1360,1440,1510,1570,1670,1770,1980,2110,2330,2560,2900,2980,2900,3100,3360,3600,3740,3900,4010,4130,4330,4540,4770,4490
Ghana,1110,1110,1120,1130,1120,1110,1030,1040,1020,1060,1130,1160,1100,1100,1140,977,923,926,986,942,925,870,787,729,768,783,800,814,836,854,857,876,884,901,905,918,935,950,970,989,1000,1020,1040,1060,1090,1130,1170,1190,1270,1300,1360,1520,1620,1700,1710,1710,1720,1820,1890,1970,1940
Guinea,,,,,,,,,,,,,,,,,,,,,,,,,,,526,527,544,548,555,554,557,569,577,588,598,613,619,627,628,637,657,653,655,661,655,684,696,673,689,712,738,750,760,769,830,891,921,946,984
Gambia,,,,,,,610,594,633,631,650,631,614,651,669,729,757,757,779,743,764,765,736,791,790,752,748,730,725,733,727,722,721,719,698,683,677,688,691,713,729,747,700,724,751,711,686,686,708,733,753,671,685,684,654,661,654,665,693,713,693
Guinea-Bissau,,,,,,,,,,,517,488,509,505,520,555,579,536,606,616,513,597,610,575,612,622,603,607,621,644,669,687,679,678,685,700,766,800,564,559,577,578,560,550,552,562,562,566,570,574,586,617,590,593,584,603,625,645,638,650,619
Equatorial Guinea,,,,,,,,,,,,,,,,,,,,,528,528,502,486,457,486,453,455,453,435,414,397,518,556,626,710,1140,2740,3250,3930,4450,6980,8000,8750,11600,12900,13300,14600,16400,15900,13800,14100,14600,13400,12900,11300,9890,8990,8120,7370,6780
Greece,5030,5650,5630,6280,6840,7550,7980,8360,8910,9900,10700,11500,12600,13600,12600,13300,14000,14200,15100,15400,15300,15000,14700,14500,14700,15000,15000,14600,15200,15700,15500,15800,15800,15500,15700,16000,16300,17000,17500,18000,18600,19300,20000,21100,22100,22200,23400,24100,23900,22800,21600,19400,18100,17800,18000,18100,18000,18300,18600,19000,17400
Grenada,,,,,,,,,,,,,,,,,,3270,3490,3700,3670,3660,3700,3720,3760,3930,4200,4620,4820,5060,5290,5360,5280,5120,5150,5210,5400,5640,6270,6680,6980,6810,7020,7650,7580,8560,8190,8680,8740,8130,8060,8080,7930,8070,8600,9100,9380,9740,10100,10200,9050
Greenland,,,,,,,,,,,15400,17100,17700,18700,19500,19600,20700,22700,24200,25200,27000,26800,25300,25900,24300,24900,26600,27700,28900,30500,26800,26800,25500,24300,25600,26400,26800,27100,29200,29600,31600,31900,31500,32800,35000,36700,38800,39900,42500,42900,43200,43000,43700,43300,45500,44500,46600,46800,48400,,
Guatemala,1850,1880,1890,2010,2040,2070,2130,2150,2280,2330,2400,2470,2590,2700,2810,2800,2940,3100,3180,3250,3290,3230,3030,2880,2810,2720,2650,2670,2700,2730,2730,2760,2820,2850,2900,2970,2980,3040,3120,3160,3200,3190,3240,3250,3280,3320,3430,3570,3620,3570,3610,3690,3730,3800,3900,3990,4030,4090,4160,4250,4130
Guam,,,,,,,,,,,,,,,,,,,,,,,,,,,,,,,,,,,,,,,,,,,30500,30700,32600,33700,32500,32700,33300,33400,34100,34100,34700,35200,35700,35800,35700,35700,35000,35400,
Guyana,2720,2760,2720,2320,2520,2730,2820,2890,2870,3030,3120,3180,3040,3040,3240,3480,3490,3360,3270,3180,3220,3270,2840,2650,2530,2610,2600,2650,2580,2470,2400,2540,2720,2920,3150,3300,3560,3800,3760,3890,3850,3950,3990,3970,4030,3940,4150,4440,4510,4680,4850,5090,5340,5510,5570,5580,5760,5950,6180,6480,9250
"Hong Kong, China",,3960,4330,4850,5140,5740,5790,5740,5810,6360,6780,7120,7730,8440,8370,8250,9470,10400,11100,11700,12600,13400,13600,14200,15400,15400,16900,18900,20400,20600,21400,22400,23600,24600,25500,25600,25600,26600,24900,25200,26900,26900,27200,28100,30300,32400,34500,36400,36900,35900,38100,39700,39900,41000,41800,42400,43100,44400,45300,44200,41600
Honduras,1220,1210,1240,1250,1280,1360,1390,1430,1480,1450,1460,1470,1510,1580,1520,1500,1610,1730,1770,1820,1770,1700,1610,1580,1630,1670,1710,1770,1740,1740,1740,1630,1680,1740,1700,1750,1740,1760,1780,1710,1790,1790,1810,1850,1910,1980,2060,2140,2180,2090,2120,2160,2210,2230,2260,2300,2350,2420,2480,2500,2240
Croatia,,,,,,,,,,,,,,,,,,,,,,,,,,,,,,,,,,,,7200,7730,8250,8440,8400,8720,9330,9860,10400,10800,11300,11900,12500,12700,11800,11600,11700,11400,11400,11400,11800,12300,12900,13300,13800,12700
Haiti,1670,1590,1680,1620,1560,1560,1520,1460,1480,1510,1490,1560,1550,1600,1660,1650,1760,1790,1860,1960,2050,1950,1840,1810,1780,1750,1700,1650,1620,1540,1530,1520,1410,1310,1130,1220,1250,1260,1270,1280,1270,1240,1230,1250,1220,1240,1240,1290,1300,1360,1290,1350,1340,1360,1390,1390,1390,1410,1410,1370,1310
Hungary,,,,,,,,,,,,,,,,,,,,,,,,,,,,,,,,7590,7360,7330,7550,7680,7690,7950,8280,8560,8970,9350,9830,10300,10800,11300,11700,11800,11900,11100,11300,11500,11400,11700,12200,12700,13000,13600,14400,15000,14300
Indonesia,601,619,614,585,589,580,580,572,618,642,673,701,731,770,808,827,862,915,954,999,1070,1130,1130,1150,1200,1210,1250,1290,1340,1410,1490,1560,1640,1710,1820,1930,2050,2120,1820,1800,1870,1910,1970,2030,2110,2200,2290,2400,2510,2600,2720,2850,2980,3100,3220,3330,3460,3590,3730,3880,3760
India,303,308,310,322,339,323,317,334,338,353,363,361,351,354,350,373,371,388,401,372,388,401,406,425,432,444,455,463,497,515,533,528,545,560,586,618,653,666,695,743,758,781,797,845,898,954,1010,1080,1090,1160,1240,1290,1350,1420,1500,1610,1720,1820,1920,1970,1800
Ireland,,,,,,,,,,,12000,12300,12900,13300,13600,14200,14100,15100,16000,16200,16500,16900,17100,16900,17600,18100,18000,18800,19900,21100,22900,23200,23800,24400,25700,28000,29800,32800,35300,38500,41600,43100,44900,45500,47700,49400,50400,51600,48300,45400,45900,46200,46000,46300,50000,62000,62500,67400,72600,75100,78600
Iran,2390,2600,2750,2870,3060,3490,3780,4110,4590,5200,5630,6270,6980,7380,7640,7250,8250,7670,6390,5530,3870,3530,4300,4480,3920,3850,3320,3220,2930,3010,3330,3660,3700,3670,3570,3600,3730,3700,3730,3720,3890,3870,4100,4410,4540,4630,4810,5150,5100,5100,5330,5410,4950,4880,5040,4900,5490,5610,5200,4790,4800
Iraq,,,,,,,,,1270,1260,1280,1300,1300,1320,1480,1610,1830,1810,2050,2400,2910,2810,2830,2390,2300,2280,2330,2490,2440,2310,3560,1250,1610,2030,2050,2030,2180,2560,3350,3820,4340,4280,3820,2350,3520,3490,3620,3630,3860,3910,4050,4220,4630,4790,4630,4690,5180,4960,4790,4890,4290
Iceland,,,,,,,,,,,,,,,,,,,,,,,,,,,,,,,,,,,,34200,35600,37300,39600,40700,42200,43300,43100,43800,46800,48900,50700,53600,53800,49500,48200,48900,49200,50900,51200,53000,55500,56500,57700,57800,53200
Israel,,,,,,,,,,,,,,,,,,,,,,,,,,,,,,,,,,,,27000,27600,28000,28500,28600,30000,29300,28700,28500,29200,29800,30900,32100,32500,32000,33200,34100,34300,35100,35700,35800,36500,37000,37600,38200,36600
Italy,9680,10400,11000,11500,11700,12000,12600,13400,14200,15000,15700,15900,16400,17500,18300,17800,19000,19400,20000,21100,21800,21900,22000,22300,23000,23600,24300,25100,26100,27000,27500,27900,28100,27800,28400,29300,29600,30100,30700,31200,32299,33000,33000,32900,33100,33200,33700,34100,33500,31600,32000,32200,31200,30200,30000,30200,30700,31200,31600,32000,29300
Jamaica,,,,,,,3950,3970,4140,4320,4770,4810,5590,5200,4900,4820,4430,4270,4210,4120,3830,3870,3880,3890,3770,3620,3650,3910,4040,4300,4450,4630,4680,5070,5090,5160,5100,5000,4830,4840,4840,4870,4930,5080,5120,5140,5260,5310,5240,4990,4890,4950,4890,4880,4890,4910,4950,4970,5040,5070,4530
Jordan,,,,,,,,,,,,,,,,,2700,2850,3180,3730,4020,4540,4680,4390,4390,4100,4160,4100,4000,3420,3250,3130,3390,3350,3350,3420,3390,3410,3450,3500,3590,3710,3850,3920,4150,4340,4520,4680,4790,4780,4640,4520,4390,4270,4220,4160,4120,4110,4110,4130,4030
Japan,6260,6950,7500,8060,8900,9320,10200,11200,12500,13900,14100,14500,15500,16500,16100,16300,16800,17400,18100,19000,19300,20000,20500,21100,21900,22900,23600,24600,26100,27300,28500,29400,29500,29300,29500,30200,31000,31300,30800,30600,31400,31500,31400,31800,32500,33100,33500,34000,33600,31700,32900,33000,33500,34200,34400,35000,35300,35900,36200,36400,34400
Kazakhstan,,,,,,,,,,,,,,,,,,,,,,,,,,,,,,,5830,5160,4890,4450,3950,3700,3780,3900,3890,4040,4450,5060,5550,6050,6580,7160,7840,8440,8550,8490,8980,9510,9820,10300,10500,10500,10500,10800,11100,11400,11000
Kenya,657,588,623,656,667,658,731,730,762,795,732,863,974,994,997,969,953,1000,1030,1070,1090,1090,1060,1030,1010,1020,1050,1070,1100,1110,1120,1100,1060,1030,1020,1040,1050,1020,1030,1020,1000,1010,991,992,1020,1050,1080,1130,1100,1100,1160,1200,1220,1260,1300,1340,1380,1410,1470,1510,1480
Kyrgyz Republic,,,,,,,,,,,,,,,,,,,,,,,,,,,1020,1040,1150,1160,1200,1090,928,785,627,587,620,671,675,689,718,749,742,786,831,821,837,900,966,982,966,1010,994,1080,1100,1120,1150,1180,1200,1230,1100
Cambodia,,,,,,,,,,,,,,,,,,,,,,,,,,,,,,,,,,578,364,388,398,403,411,452,486,515,539,575,624,695,759,824,866,854,891,939,991,1050,1100,1160,1220,1290,1360,1440,1370
Kiribati,,,,,,,,,,,2160,2080,2290,2730,3910,4060,2930,2750,2740,2390,1970,1880,1980,1940,2000,1820,1770,1560,1660,1560,1520,1490,1480,1480,1480,1460,1470,1470,1540,1490,1550,1500,1540,1540,1490,1530,1500,1490,1430,1410,1370,1370,1410,1450,1420,1540,1600,1590,1600,1610,1630
St. Kitts and Nevis,,,,,,,,,,,,,,,,,,4640,4840,5240,5720,5840,5900,6010,6580,7200,8060,8680,9570,10200,10700,10500,10800,11400,11900,12400,13000,13800,13600,13900,15100,15700,15800,14900,15300,16700,17000,16900,17800,17000,16700,16900,16400,17100,18000,18000,18400,17900,18300,18500,16400
South Korea,1030,1070,1080,1140,1220,1270,1390,1480,1640,1840,1980,2140,2250,2550,2740,2910,3240,3580,3910,4190,4060,4280,4570,5100,5570,5950,6560,7320,8120,8610,9370,10300,10800,11400,12400,13400,14300,15100,14200,15700,17000,17700,18900,19400,20400,21200,22200,23400,23900,23900,25500,26200,26700,27400,28100,28700,29500,30300,31000,31600,31300
Kosovo,,,,,,,,,,,,,,,,,,,,,,,,,,,,,,,,,,,,,,,,,1750,2220,2200,2330,2390,2530,2620,2790,2950,3030,3100,3210,3270,3360,3410,3600,3770,3900,4040,4260,3990
Kuwait,,,,,,,,,,,,,,,,,,,,,,,,,,,,,,,,,,,,34700,34500,33600,32500,30000,30000,29200,29600,34300,37200,39800,41000,41200,39800,34800,32000,33200,33500,32100,30900,29900,29800,27700,27500,27200,
Lao,,,,,,,,,,,,,,,,,,,,,,,,,587,600,611,585,557,618,641,650,668,689,727,760,796,834,851,897,933,971,1010,1060,1110,1170,1250,1320,1400,1480,1580,1680,1790,1910,2020,2130,2250,2370,2480,2570,2550
Lebanon,,,,,,,,,,,,,,,,,,,,,,,,,,,,,5080,2880,3540,5080,5620,5900,6080,6240,6790,6770,6950,6820,6740,6730,6650,6540,6700,6690,6710,7320,7990,8720,9150,8780,8460,8230,7960,7640,7550,7500,7310,6820,5460
Liberia,,,,,,,,,,,,,,,,,,,,,,,,,,,,,,,,,,,,,,,,,764,758,768,527,531,545,569,599,616,624,638,669,702,743,729,710,682,681,673,642,609
Libya,,,,,,,,,,,,,,,,,,,,,,,,,,,,,,,,,,,,,,,,6460,6590,6370,6210,6910,7100,7830,8210,8600,8710,8530,8870,3340,7400,6360,4800,4340,4170,5210,5910,5970,4050
St. Lucia,,,,,,,,,,,,,,,,,,4300,4670,4770,4600,4820,4860,5040,5330,5680,6390,6510,7280,7790,8420,8340,8890,8840,8870,8920,9060,8870,9300,9430,9330,8930,8900,9210,9800,9660,10100,10200,10500,10100,10200,10600,10500,10100,10300,10100,10400,10800,11000,11100,8830
Liechtenstein,,,,,,,,,,,,,,,,,,,,,,,,,,,,,,,,,,,,,,,,,,,,,,,,,,,,,,,,167000,,,,,
Sri Lanka,,617,626,627,636,637,653,679,701,738,750,744,727,763,778,811,822,848,880,920,958,997,1020,1060,1100,1130,1170,1170,1180,1190,1250,1300,1340,1410,1480,1550,1600,1690,1760,1830,1920,1880,1940,2040,2130,2240,2400,2540,2670,2750,2950,3180,3460,3550,3690,3840,3970,4070,4160,4230,4050
Lesotho,231,231,262,284,301,302,294,319,311,309,309,317,309,382,413,348,376,445,511,511,483,473,481,478,492,493,504,497,528,547,567,593,620,628,651,660,684,697,697,693,715,739,747,785,804,836,874,912,962,948,996,1040,1100,1110,1120,1150,1180,1130,1110,1100,967
Lithuania,,,,,,,,,,,,,,,,,,,,,,,,,,,,,,,,,,,,4930,5230,5700,6180,6150,6420,6900,7420,8270,8920,9760,10700,12000,12400,10700,11100,12000,12700,13300,13800,14300,14800,15700,16400,17200,17000
Luxembourg,25500,26200,26300,26900,28700,28200,28300,28200,29300,32100,33400,34000,35800,38300,39400,36400,37200,37700,39100,40000,40200,39800,40200,41400,43900,45100,49400,51000,54900,59700,62100,66600,66900,68800,70400,70400,70400,73500,77000,82400,88000,89200,91600,92000,94000,95500,98800,105000,102000,96000,98900,99100,96400,97700,99500,101000,104000,103000,104000,105000,101000
Latvia,,,,,,,,,,,,,,,,,,,,,,,,,,,,,,,,,,,,4920,5100,5610,6020,6240,6660,7170,7770,8500,9330,10400,11800,13100,12800,11100,10900,11800,12400,12900,13100,13800,14200,14800,15500,16000,15500
"Macao, China",,,,,,,,,,,,,,,,,,,,,,,23300,24700,25700,24900,25400,27900,28900,29200,30600,30800,34100,35100,35800,36300,35400,34600,32299,30900,32000,32100,34100,37200,45900,48500,53800,60200,61000,60500,74000,87900,93800,101000,97200,74800,73000,79100,83000,79700,34300
Morocco,,,,,,,815,875,939,995,1020,1050,1060,1070,1110,1170,1260,1310,1310,1340,1350,1300,1380,1360,1420,1470,1570,1540,1680,1700,1730,1820,1750,1700,1850,1730,1910,1860,1970,1960,1980,2100,2130,2240,2320,2360,2510,2570,2690,2770,2840,2950,3000,3090,3130,3220,3210,3310,3370,3410,3130
Monaco,,,,,,,,,,,75100,78300,80800,84700,87100,85000,87600,89700,92300,94400,94700,94200,94800,94400,94400,94900,96500,98600,103000,107000,109000,110000,110000,108000,110000,111000,111000,113000,115000,118000,122000,123000,123000,123000,125000,126000,132000,149000,149000,131000,132000,140000,139000,151000,160000,166000,170000,163000,172000,183000,
Moldova,,,,,,,,,,,,,,,,,,,,,,,,,,,,,,,,,,,,1500,1420,1450,1350,1310,1340,1420,1540,1640,1770,1910,2000,2070,2230,2100,2250,2390,2370,2590,2720,2730,2890,3070,3260,3430,3250
Madagascar,814,811,809,782,793,770,766,788,820,828,849,858,824,781,774,762,718,715,676,722,708,620,591,580,573,563,559,549,552,559,560,509,500,496,481,474,469,472,475,482,488,501,426,453,463,471,482,495,514,480,469,464,465,463,465,467,473,479,481,489,456
Maldives,,,,,,,,,,,,,,,,,,,,,,,,,,,,,,,,,,,,5540,5860,6240,6590,6870,6980,6540,6830,7550,7790,6590,8110,8530,9120,8220,8520,8890,8730,8950,9180,9030,9190,9440,9820,10200,6820
Mexico,3740,3810,3860,4050,4390,4560,4690,4810,5110,5120,5290,5330,5590,5860,6020,6190,6290,6340,6730,7200,7680,8130,7900,7460,7540,7540,7150,7130,7080,7230,7460,7630,7760,7770,8020,7390,7770,8170,8460,8570,8860,8700,8580,8590,8800,8880,9140,9210,9180,8570,8880,9080,9280,9280,9430,9620,9750,9840,9950,9830,8930
Marshall Islands,,,,,,,,,,,,,,,,,,,,,,2500,2510,2770,2740,2450,2910,3040,3130,2960,2950,2880,3030,3180,3340,3600,3220,3020,3000,2960,2980,3140,3200,3080,3050,3080,3040,3120,2920,3010,3210,3180,3100,3210,3160,3200,3220,3310,3400,3600,
North Macedonia,,,,,,,,,,,,,,,,,,,,,,,,,,,,,,,3660,3440,3220,2980,2940,2900,2930,2950,3030,3150,3270,3160,3200,3260,3410,3560,3740,3980,4190,4170,4310,4410,4380,4510,4670,4840,4980,5030,5170,5330,5090
Mali,,,,,,,,351,359,355,372,375,390,378,366,401,448,468,453,491,461,459,416,415,406,479,485,477,506,519,497,543,513,516,521,512,534,546,572,588,572,641,641,678,667,688,697,697,707,717,732,732,705,701,729,751,772,789,802,815,779
Malta,,,,,,,,,,,3140,3210,3400,3550,3900,4630,5400,6030,6630,7250,7680,7880,7890,7730,7800,7870,8040,8310,8930,9570,10100,10400,10800,11200,11700,12300,12700,13300,13900,14500,17200,16900,17200,17700,17700,18100,18500,19300,19900,19600,20600,20600,21200,22100,23300,24900,25400,26700,27100,27500,24500
Myanmar,131,129,132,146,134,145,135,124,136,137,141,143,143,139,143,145,151,156,163,167,177,184,190,194,200,201,196,184,161,164,166,163,176,185,197,208,218,228,238,261,293,323,358,404,455,513,576,640,702,771,839,879,936,1010,1080,1140,1200,1270,1350,1360,1220
Montenegro,,,,,,,,,,,,,,,,,,,,,,,,,,,,,,,,,,,,,,4490,4720,4290,4430,4460,4530,4620,4820,5010,5440,5800,6210,5830,5980,6170,6000,6200,6310,6520,6710,7020,7380,7680,6520
Mongolia,,,,,,,,,,,,,,,,,,,,,,1450,1530,1580,1630,1680,1790,1800,1840,1870,1770,1590,1430,1370,1390,1470,1490,1530,1570,1610,1610,1640,1700,1800,1970,2090,2240,2440,2620,2540,2660,3060,3370,3690,3900,3920,3890,4020,4240,4380,4080
Northern Mariana Islands,,,,,,,,,,,,,,,,,,,,,,,,,,,,,,,,,,,,,,,,,,,27500,27800,27300,24100,22700,21500,19300,16000,16300,15100,15200,15400,15900,16300,20900,25600,20500,18100,
Mozambique,,,,,,,,,,,,,,,,,,,,,242,248,226,187,172,172,167,192,208,221,220,225,204,217,222,219,236,256,275,299,295,321,341,353,370,384,409,429,448,463,480,502,523,544,569,590,595,600,603,599,574
Mauritania,,1220,1190,1130,1400,1580,1540,1550,1650,1620,1760,1740,1680,1560,1690,1560,1640,1570,1510,1540,1550,1550,1470,1480,1400,1400,1440,1430,1410,1440,1380,1370,1360,1400,1320,1420,1460,1370,1370,1390,1300,1250,1230,1280,1310,1380,1590,1510,1460,1420,1420,1430,1450,1470,1490,1520,1500,1510,1500,1540,1480
Mauritius,,,,,,,,,,,,,,,,,2350,2460,2520,2570,2270,2370,2470,2460,2540,2700,2940,3180,3370,3490,3720,3840,4040,4190,4310,4450,4650,4860,5100,5160,5530,5670,5730,6020,6240,6320,6590,6940,7290,7510,7820,8120,8380,8650,8950,9260,9610,9970,10300,10600,9060
Malawi,179,188,185,178,178,197,218,228,218,225,220,249,257,256,267,276,281,286,304,308,301,278,278,281,287,287,272,260,253,244,249,265,243,266,238,275,290,294,297,298,294,273,271,279,287,289,295,314,328,346,359,366,362,370,381,381,380,384,391,403,395
Malaysia,1240,1290,1330,1380,1410,1470,1550,1570,1650,1690,1750,1880,2010,2190,2320,2280,2480,2610,2710,2890,3030,3160,3270,3390,3570,3440,3380,3460,3690,3910,4140,4410,4680,5020,5350,5730,6140,6420,5800,6010,6390,6290,6490,6730,7040,7270,7530,7850,8070,7810,8250,8550,8890,9180,9600,9960,10300,10700,11100,11400,10600
Namibia,,,,,,,,,,,,,,,,,,,,,3290,3250,3160,3030,2950,2870,2910,2900,2820,2770,2730,2870,2990,2870,2850,2900,2930,2990,3030,3070,3120,3110,3210,3300,3650,3680,3880,4010,4040,3980,4150,4280,4420,4590,4780,4900,4810,4670,4630,4520,4080
Niger,768,780,836,889,865,898,869,846,825,758,760,781,721,581,615,581,569,595,656,683,647,628,623,582,471,493,509,495,513,503,481,464,458,444,437,433,418,410,435,419,399,413,418,411,398,411,420,417,432,424,443,437,464,470,482,484,493,498,514,524,512
Nigeria,1430,1410,1440,1530,1570,1610,1510,1240,1200,1460,1780,1990,2010,2070,2240,2060,2190,2250,2060,2130,2160,1830,1660,1440,1390,1430,1400,1400,1470,1460,1590,1550,1590,1510,1450,1410,1440,1440,1440,1420,1450,1500,1690,1760,1880,1950,2010,2090,2170,2290,2400,2460,2500,2600,2690,2690,2580,2530,2510,2500,2400
Nicaragua,1680,1750,1880,2020,2190,2330,2330,2420,2380,2460,2410,2420,2400,2470,2740,2650,2710,2840,2540,1810,1840,1890,1820,1850,1780,1660,1610,1560,1340,1290,1260,1230,1200,1170,1190,1230,1290,1310,1340,1410,1440,1470,1460,1470,1530,1570,1620,1670,1710,1630,1680,1760,1850,1920,1980,2050,2120,2190,2090,1980,1920
Netherlands,14300,14100,14900,15200,16300,17400,17700,18400,19400,20400,21400,22000,22600,23600,24200,24000,24900,25300,25900,26200,26400,26000,25500,26000,26600,27200,27800,28200,29000,30100,31100,31600,31900,32100,32800,33700,34700,36000,37500,39100,40400,41100,40900,40800,41400,42200,43600,45100,45900,44000,44400,44900,44200,44000,44500,45200,45900,47000,47800,48400,46300
Curaçao,,,,,,,,,,,,,,,,,,,,,,,,,,,,,,,,,,,,,,,,,22300,23000,23000,22600,22300,21900,21700,21800,22000,21700,21500,21300,21100,20700,20200,20000,19500,19100,18800,18400,
Norway,19100,20200,20600,21200,22100,23100,23800,25000,25400,26300,26600,27900,29200,30300,31300,32700,34400,35700,36900,38400,40100,40600,40500,42000,44400,46700,48400,49100,48700,49000,49700,51000,52600,53700,56100,58200,60800,63600,64900,65800,67400,68500,69100,69300,71700,73000,74200,75600,75000,72800,72400,72200,73200,73000,73700,74400,74500,75600,76000,76100,75100
Nepal,328,329,330,331,350,340,358,345,341,349,351,340,343,335,348,346,353,356,363,363,347,367,372,353,378,392,401,399,420,429,438,453,459,464,489,494,508,522,527,539,562,579,571,585,605,618,631,644,676,701,732,756,791,821,871,902,897,965,1020,1070,1030
Nauru,,,,,,,,,,,,,,,,,,,,,,,,,,,,,,,,,,,,,,,,,,,,,3440,3460,3680,2830,3450,3740,4130,4510,4990,6480,8130,8370,8580,8010,8420,8350,
New Zealand,,,,,,,,,,,,,,,,,,22500,22600,23100,23400,24400,24400,24900,25900,26100,26800,26900,26700,26600,26400,24900,24900,26200,27200,28000,28600,28800,28800,30200,30900,31800,32700,33500,34300,35100,35600,36400,35700,35300,35400,35900,36500,37200,38000,38600,39200,39800,40300,40300,39900
Oman,,,,,,2230,2280,3690,6520,7940,8760,8540,9050,7460,7980,9470,10900,10400,9490,9360,9390,10400,11000,12100,13500,14700,14400,13400,13700,14700,14100,14300,14800,15100,15100,15400,15700,16500,17000,17000,18000,18600,18100,17200,17000,17000,17400,17700,18400,18700,18000,17300,17500,17100,16200,16000,16100,15500,15100,14500,
Pakistan,379,392,400,424,445,479,493,507,529,543,589,576,565,589,592,600,612,617,647,650,693,724,746,770,782,815,832,858,895,912,925,944,989,979,988,1010,1030,1010,1010,1010,1030,1040,1040,1070,1130,1180,1220,1250,1240,1250,1240,1250,1260,1290,1320,1360,1400,1450,1500,1490,1470
Panama,2710,2920,3060,3230,3270,3470,3620,3820,3970,4180,4350,4630,4710,4830,4810,4770,4720,4650,4980,5080,5610,5980,6150,5740,5770,5920,6000,5760,4890,4860,5140,5510,5840,6030,6080,6060,6180,6450,6780,6910,6960,6860,6880,7040,7430,7820,8340,9170,9890,9840,10200,11200,12100,12700,13100,13600,14100,14600,14900,15100,12200
Peru,2710,2830,3020,3070,3170,3260,3430,3460,3370,3400,3420,3470,3500,3620,3850,3910,3860,3780,3580,3640,3760,3870,3770,3300,3340,3330,3560,3820,3380,2900,2700,2700,2640,2720,3000,3170,3190,3340,3270,3260,3300,3280,3420,3530,3670,3870,4120,4440,4800,4820,5180,5460,5750,6030,6110,6230,6380,6430,6570,6610,5790
Philippines,1210,1230,1250,1290,1300,1320,1340,1370,1400,1420,1430,1470,1500,1590,1600,1640,1740,1790,1830,1880,1920,1940,1950,1930,1740,1570,1580,1610,1670,1730,1740,1690,1650,1650,1680,1720,1780,1830,1780,1790,1830,1850,1880,1930,2020,2080,2150,2250,2310,2300,2430,2480,2610,2740,2870,3000,3170,3340,3500,3660,3270
Palau,,,,,,,,,,,,,,,,,,,,,,,,,,,,,,,,,,,,,,,,,11800,12300,12600,12100,12700,13200,13300,13900,13400,12800,13000,14100,14400,13900,14800,15900,15800,15400,16000,15200,
Papua New Guinea,1160,1210,1260,1290,1370,1480,1540,1560,1590,1690,1830,1900,1960,2030,2040,1970,1860,1820,1930,1910,1820,1770,1730,1740,1680,1710,1740,1750,1750,1690,1600,1710,1900,2200,2270,2150,2260,2120,1990,1980,1880,1840,1800,1800,1810,1890,1940,2050,1990,2080,2240,2210,2270,2300,2560,2680,2770,2810,2750,2850,2690
Poland,,,,,,,,,,,,,,,,,,,,,,,,,,,,,,,5120,4740,4850,5020,5270,5640,5980,6360,6650,6960,7360,7450,7610,7880,8280,8570,9100,9750,10200,10400,10900,11400,11500,11700,12100,12600,13000,13600,14300,15000,14600
Puerto Rico,6310,6630,7040,7480,7850,8450,8970,9460,9880,10700,11500,12000,12600,13100,13200,12900,13500,14100,14900,15900,16300,16300,15900,15400,16100,16500,17100,17900,18800,19500,18700,19000,19800,20500,21200,21900,22200,23100,24200,25400,26100,27700,27900,27900,30400,29800,29500,29300,29000,28600,28600,28800,29200,29400,29600,29800,30000,29800,29800,30200,29000
Portugal,3930,4120,4360,4600,4880,5270,5530,5980,6540,6740,7660,8200,8870,9860,9830,9060,9410,9830,10000,10500,10800,10900,11100,11000,10700,11000,11500,12200,13100,14000,14600,15200,15400,15100,15200,15800,16300,16900,17600,18200,18800,19000,19100,18800,19100,19200,19500,19900,20000,19300,19700,19400,18600,18600,18800,19200,19700,20400,21000,21600,19900
Paraguay,1490,1550,1560,1590,1620,1670,1660,1770,1800,1830,1890,1950,2030,2120,2250,2340,2460,2670,2910,3170,3450,3660,3500,3300,3300,3350,3410,3570,3680,3830,3880,3910,3880,3970,4080,4260,4230,4310,4220,4080,3900,3800,3720,3820,3900,3920,4050,4210,4420,4350,4770,4900,4800,5130,5330,5410,5570,5760,5870,5770,5650
Palestine,,,,,,,,,,,,,,,,,,,,,,,,,,,,,,,,,,,2140,2190,2120,2320,2590,2730,2440,2150,1840,2040,2430,2630,2540,2570,2690,2840,2930,3130,3240,3310,3230,3270,3480,3460,3420,3380,2920
Qatar,,,,,,,,,,,,,,,,,,,,,,,,,,,,,,,,,,,,,,,,,56900,56900,58500,57100,61600,57600,61500,60900,60800,59100,63000,65099,63200,62700,62800,63000,62800,60300,59800,59100,56000
Romania,,,,,,,,,,,,,,,,,,,,,,,,,,,,,,,5000,4390,4040,4110,4280,4550,4740,4530,4440,4430,4550,4850,5220,5390,5980,6300,6850,7450,8280,7890,7630,7810,8000,8340,8670,8970,9440,10200,10700,11200,10800
Russia,,,,,,,,,,,,,,,,,,,,,,,,,,,,,,9880,9570,9060,7740,7070,6180,5930,5710,5800,5510,5880,6490,6850,7210,7770,8360,8930,9690,10500,11100,10200,10700,11100,11600,11700,11600,11400,11400,11600,11900,12100,11800
Rwanda,345,323,354,314,269,282,294,305,316,340,350,343,334,336,330,314,363,358,378,409,431,439,433,444,410,411,413,393,392,382,372,374,418,411,216,297,325,346,348,337,345,361,399,401,425,457,488,512,554,573,599,631,669,683,708,751,775,785,830,886,834
Saudi Arabia,,,,,,,,,13700,14000,21300,24600,28900,34100,37700,32700,36600,37300,33500,35500,35400,33900,25200,19900,17900,15200,17000,15100,16400,15700,17500,19400,19600,18800,18500,18100,18200,18000,18200,17100,17700,17000,16100,17400,18200,18700,18700,18500,19100,18200,18600,19800,20200,20200,20300,20600,20500,19900,20100,19800,18700
Sudan,897,874,910,860,827,859,805,793,786,773,795,789,726,709,765,857,968,995,905,831,816,847,867,855,787,715,732,814,790,839,773,810,841,857,843,870,897,966,980,983,1020,1050,1090,1140,1150,1210,1290,1400,1470,1480,1490,1630,1830,1900,1990,2020,2040,2090,2100,2020,1940
Senegal,1200,1200,1170,1160,1170,1150,1150,1110,1140,1040,1090,1060,1090,1000,1010,1060,1120,1070,1000,1050,1060,1080,1140,1040,1050,1050,1050,1090,1050,1060,1020,1010,996,980,953,978,973,979,1010,1050,1070,1090,1060,1090,1120,1130,1130,1130,1140,1140,1150,1130,1150,1140,1180,1220,1260,1320,1360,1380,1360
Singapore,3610,3770,3950,4240,4000,4210,4530,4980,5560,6230,6990,7720,8590,9320,9730,9970,10600,11100,11900,12800,13900,14700,15100,16200,17300,17100,17400,19000,20600,22000,23300,24100,25000,27100,29200,30400,31300,32800,31000,32500,34900,33600,34600,36700,39800,41700,44100,46100,44500,43300,48700,50700,51700,53300,54700,55600,56800,59300,61100,61200,58100
Solomon Islands,,,,,,,,,,,,,,,,,,,,,2370,2250,2140,2160,2090,1970,1910,2010,1980,2010,1990,2060,2250,2280,2390,2560,2530,2440,2400,2320,1940,1740,1640,1710,1770,1830,1870,1910,1980,1980,2100,2200,2180,2230,2200,2170,2230,2290,2320,2290,2140
Sierra Leone,497,499,513,514,539,568,568,559,560,596,635,645,638,639,648,645,629,616,617,630,646,650,667,638,649,599,589,612,553,544,554,563,456,464,457,421,428,401,403,388,403,364,441,460,469,472,476,501,516,520,536,557,627,740,757,588,610,623,630,652,625
El Salvador,,,,,,2640,2740,2810,2830,2850,2860,2890,2990,3060,3140,3160,3250,3400,3510,3300,2860,2520,2320,2330,2330,2310,2280,2310,2320,2320,2400,2400,2530,2640,2730,2830,2820,2880,2930,2970,2980,2990,3020,3050,3060,3130,3250,3290,3360,3280,3330,3450,3530,3590,3640,3710,3780,3850,3920,4000,3670
San Marino,,,,,,,,,,,,,,,,,,,,,,,,,,,,,,,,,,,,,,47000,50000,53900,54500,56800,56200,57600,59400,60100,61600,65200,64099,56700,52900,47900,43900,42900,42100,42700,43400,43300,43800,44700,
Somalia,,,,,,,,,,,,,,,,,,,,,,,,,,,,,,,,,,,,,,,,,,,,,,,,,,,,,,293,292,293,294,290,289,289,277
Serbia,,,,,,,,,,,,,,,,,,,,,,,,,,,,,,,,,,,,2780,2960,3180,3300,3000,3190,3420,3640,3810,4160,4400,4650,4970,5270,5150,5210,5350,5340,5520,5460,5590,5810,5960,6260,6560,6530
South Sudan,,,,,,,,,,,,,,,,,,,,,,,,,,,,,,,,,,,,,,,,,,,,,,,,,2310,2320,2350,2170,1140,1260,1270,1120,,,,,
Sao Tome and Principe,,,,,,,,,,,,,,,,,,,,,,,,,,,,,,,,,,,,,,,,,,1080,1090,1140,1150,1210,1280,1290,1350,1350,1400,1430,1450,1490,1550,1580,1620,1650,1670,1670,1690
Suriname,3610,3680,3730,3830,3980,4340,5030,5480,5750,5890,5980,6190,6180,6120,6200,6410,7000,7720,8220,8160,7420,7940,7590,7260,7080,7140,7090,6530,6900,7040,6590,6640,6550,6000,6110,6010,5990,6250,6310,6150,6200,6390,6490,6820,7310,7550,7900,8200,8450,8600,8940,9360,9500,9670,9590,9170,8630,8680,9020,9040,7660
Slovak Republic,,,,,,,,,,,,,,,,,,,,,,,,,,,,,,,,,6650,6750,7140,7540,8020,8480,8810,8790,8910,9210,9630,10200,10700,11400,12400,13700,14500,13700,14500,14900,15100,15200,15600,16300,16600,17100,17700,18100,17300
Slovenia,,,,,,,,,,,,,,,,,,,,,,,,,,,,,,,,,,,,13300,13700,14400,14900,15700,16200,16700,17300,17800,18600,19200,20300,21600,22300,20400,20600,20700,20100,19900,20400,20900,21500,22600,23500,24100,22900
Sweden,16500,17400,18000,18900,20000,20600,20800,21400,22000,22900,24400,24400,24900,25900,26600,27200,27400,26900,27200,28200,28700,28800,29100,29600,30900,31500,32200,33200,33900,34600,34600,33900,33400,32500,33500,34600,35100,36200,37700,39300,41100,41600,42400,43200,44900,46000,47900,49100,48500,46000,48400,49500,48900,49000,49900,51500,52000,52600,53000,53500,51600
Eswatini,,,,,,,,,,,972,1070,1100,1160,1200,1320,1250,1230,1200,1200,1300,1440,1410,1380,1410,1420,1540,1700,1760,1920,2260,2240,2250,2270,2270,2330,2370,2400,2420,2460,2470,2480,2570,2660,2750,2900,3060,3180,3180,3210,3310,3360,3510,3620,3630,3680,3690,3730,3780,3820,3720
Sint Maarten (Dutch part),,,,,,,,,,,,,,,,,,,,,,,,,,,,,,,,,,,,,,,,,,,,,,,,,,32400,33600,35800,35000,33600,33100,32299,31500,29200,27300,,
Seychelles,3160,2930,3090,3320,3430,3310,3670,3600,3780,3690,3930,4460,4630,4970,4940,4980,5680,5220,6280,7210,6840,6210,6100,6000,6240,6870,6820,6820,7170,7920,8430,8550,9120,9490,9160,8960,9260,10200,10900,10900,10900,10700,10500,9990,9740,10600,11300,12400,11900,11700,12100,13400,13400,14000,14400,14700,15200,15800,15800,15900,14100
Turks and Caicos Islands,,,,,,,,,,,,,,,,,,,,,,,,,,,,,,,,,,,,,,,,,,,,,,,,,,,,23300,22600,22400,23900,26200,27600,26500,27600,28700,20700
Chad,565,562,581,560,536,529,509,504,492,516,515,492,486,435,446,476,480,481,470,362,333,329,339,383,381,452,421,398,445,452,419,441,461,377,401,393,388,397,410,392,375,403,421,465,598,676,657,656,654,659,724,701,738,754,780,776,705,663,659,660,635
Togo,339,376,387,401,450,506,533,538,538,571,563,545,570,578,592,593,568,594,645,596,664,621,577,526,535,545,536,522,540,546,531,515,485,403,453,476,504,559,528,525,506,496,501,522,504,468,468,450,456,468,483,501,519,537,554,571,588,598,613,631,627
Thailand,581,594,620,650,674,707,763,804,844,873,945,963,976,1050,1060,1090,1160,1250,1340,1390,1430,1480,1530,1590,1650,1700,1760,1890,2100,2320,2550,2730,2920,3140,3360,3590,3750,3610,3290,3400,3520,3610,3800,4040,4260,4410,4600,4830,4880,4830,5160,5180,5530,5650,5690,5840,6020,6250,6490,6620,6200
Tajikistan,,,,,,,,,,,,,,,,,,,,,,,,,,1440,1450,1380,1530,1380,1340,1220,850,699,542,467,384,384,399,407,434,468,510,556,602,631,662,699,739,752,784,823,865,907,946,978,1020,1070,1120,1170,1200
Turkmenistan,,,,,,,,,,,,,,,,,,,,,,,,,,,,2680,2900,2710,3570,3310,2730,2700,2180,1970,2070,1800,1910,2190,2290,2360,2350,2400,2490,2790,3060,3350,3790,3970,4270,4810,5250,5680,6150,6430,6710,7030,7350,7690,
Timor-Leste,,,,,,,,,,,,,,,,,,,,,,,,,,,,,,,,,,,,,,,,,941,1070,979,933,913,918,862,932,1020,1100,1180,1230,1280,1290,1320,1330,1350,1270,1230,1440,1290
Tonga,,,,,,,,,,,,,,,,,,,,,,2380,2490,2530,2570,2740,2790,2870,2810,2810,2750,2920,2920,3020,3170,3390,3440,3470,3540,3660,3670,3790,3950,4020,3900,3880,3840,3820,3970,3740,3770,4040,4110,4160,4280,4340,4600,4720,4680,4650,
Trinidad and Tobago,4350,4860,4910,5110,5440,5420,5600,5670,5930,6060,6210,6210,6490,6500,6650,6650,6980,7510,8150,8330,9060,9320,9520,8400,7800,7390,7060,6680,6370,6270,6320,6470,7080,7000,7210,7460,7970,8550,9240,9960,10600,11000,11800,13500,14500,15300,17300,18000,18500,17600,18100,17900,18100,18300,18100,18200,17100,16500,16500,16200,14900
Tunisia,,,,,,998,1010,992,1070,1100,1120,1220,1400,1360,1440,1510,1590,1610,1670,1740,1820,1870,1810,1840,1890,1940,1870,1940,1900,1890,2000,2030,2140,2140,2170,2180,2300,2390,2480,2600,2690,2770,2790,2890,3050,3130,3270,3450,3560,3630,3720,3610,3720,3790,3860,3860,3870,3900,3950,3950,3570
Turkey,2510,2480,2550,2720,2800,2810,3050,3120,3260,3310,3340,3440,3610,3640,3750,3930,4240,4290,4250,4130,3940,4040,4090,4200,4380,4470,4690,5040,5060,4990,5350,5300,5480,5800,5450,5780,6110,6470,6520,6210,6540,6080,6370,6640,7190,7740,8170,8480,8450,7940,8490,9300,9590,10200,10500,11000,11200,11800,12000,12000,12000
Tuvalu,,,,,,,,,,,,,,,,,,,,,,,,,,,,,,,2240,2300,2340,2410,2640,2500,2340,2580,2970,2920,2880,2900,3090,2950,2870,2720,2750,2890,3090,2930,2820,3000,2860,2960,2960,3200,3260,3350,3390,3670,3790
Tanzania,,,,,,,,,,,,,,,,,,,,,,,,,,,,,494,497,516,509,495,484,477,479,488,493,500,512,522,540,562,583,610,637,660,685,704,720,743,777,788,817,846,872,904,937,959,985,976
Uganda,,,,,,,,,,,,,,,,,,,,,,,375,385,371,347,337,338,353,363,373,380,381,399,411,445,471,481,490,514,515,525,553,570,590,608,653,685,722,747,764,810,815,817,831,844,852,852,872,898,894
Ukraine,,,,,,,,,,,,,,,,,,,,,,,,,,,,4020,4110,4240,3970,3620,3260,2800,2170,1920,1740,1700,1690,1700,1820,2010,2130,2350,2660,2760,2980,3230,3320,2840,2970,3140,3150,3160,3120,2830,2900,2990,3110,3220,3120
Uruguay,6130,6200,6030,5970,6050,6040,6160,5880,5940,6240,6350,6320,6230,6240,6420,6800,7030,7100,7430,7840,8240,8310,7450,6640,6530,6580,7110,7630,7700,7730,7700,7920,8490,8650,9210,9010,9450,10200,10600,10300,10100,9680,8930,9010,9460,10200,10600,11200,12000,12500,13400,14100,14500,15200,15600,15600,15800,16000,16000,16000,15000
United States,19100,19300,20100,20700,21600,22700,23900,24200,25100,25700,25300,25800,26900,28100,27700,27400,28600,29600,30900,31500,31100,31600,30800,31900,33900,35000,35900,36800,38000,39000,39300,38700,39500,40100,41200,41800,42900,44200,45700,47300,48700,48700,49100,50100,51500,52800,53800,54300,53700,51900,52800,53200,54000,54600,55600,56900,57400,58400,59800,60800,58500
Uzbekistan,,,,,,,,,,,,,,,,,,,,,,,,,,,,1390,1480,1490,1470,1430,1240,1180,1100,1070,1070,1100,1130,1170,1200,1230,1260,1300,1380,1460,1550,1680,1800,1910,2000,2100,2220,2350,2480,2620,2730,2800,2900,3010,3000
St. Vincent and the Grenadines,1840,1900,1940,1800,1850,1840,1820,1630,1720,1750,1920,1960,2440,2140,1930,1770,1930,2160,2350,2400,2440,2530,2620,2660,2810,2970,3110,3110,3520,3550,3780,3700,3860,4120,4060,4380,4440,4600,4790,4920,5000,5080,5390,5790,6020,6170,6640,6870,6980,6850,6620,6590,6670,6780,6850,6920,7030,7080,7210,7220,7000
Virgin Islands (U.S.),,,,,,,,,,,,,,,,,,,,,,,,,,,,,,,,,,,,,,,,,,,43400,43200,44500,46100,47900,49800,50200,46900,47400,43500,37000,34900,34700,34800,35300,35100,35700,,
Vietnam,,,,,,,,,,,,,,,,,,,,,,,,,472,479,481,488,501,527,542,562,598,634,677,730,786,838,875,906,957,1010,1060,1120,1190,1270,1350,1430,1500,1560,1650,1730,1810,1880,1980,2090,2190,2320,2460,2600,2660
Vanuatu,,,,,,,,,,,,,,,,,,,,2960,2550,2600,2590,2600,2790,2750,2690,2550,2450,2430,2640,2650,2640,2580,2740,2700,2710,2790,2770,2730,2840,2680,2480,2520,2550,2620,2780,2790,2880,2890,2860,2870,2820,2750,2760,2700,2750,2850,2860,2880,2550
Samoa,,,,,,,,,,,,,,,,,,,,,,,2600,2600,2620,2710,2850,2850,2810,2900,2760,2670,2640,2730,2630,2780,2970,2970,3020,3070,3270,3480,3610,3750,3900,4030,4090,4320,4330,4090,4080,4220,4010,3960,3930,4070,4380,4410,4300,4430,4280
Yemen,,,,,,,,,,,,,,,,,,,,,,,,,,,,,,,2040,2070,2120,2100,2140,2160,2180,2220,2290,2310,2380,2400,2430,2450,2470,2540,2540,2550,2570,2600,2720,2310,2300,2350,2280,1600,1420,1310,1290,,
South Africa,3510,3560,3680,3860,4060,4200,4270,4460,4530,4620,4740,4810,4760,4850,5010,4970,4950,4830,4850,4910,5100,5230,5070,4840,4950,4770,4650,4640,4720,4730,4600,4440,4240,4190,4220,4260,4360,4400,4350,4390,4510,4570,4680,4760,4910,5110,5330,5540,5640,5480,5560,5660,5690,5740,5750,5730,5670,5670,5640,5570,5120
Zambia,1220,1200,1140,1140,1240,1400,1280,1340,1320,1270,1290,1250,1320,1260,1300,1230,1260,1160,1130,1060,1050,1080,1020,963,928,913,890,886,914,879,851,829,795,829,739,742,767,775,751,765,774,794,808,843,879,918,965,1020,1070,1130,1210,1240,1300,1320,1340,1340,1350,1350,1370,1350,1270
Zimbabwe,1160,1200,1170,1210,1150,1170,1150,1200,1190,1290,1530,1610,1680,1660,1710,1630,1580,1430,1340,1340,1490,1610,1600,1560,1480,1530,1500,1470,1530,1560,1620,1670,1490,1480,1590,1580,1720,1750,1780,1760,1700,1720,1560,1290,1210,1140,1090,1040,850,941,1110,1250,1430,1440,1440,1450,1430,1480,1510,1370,1240
